algorithm,fid,dim,max_iter,fes,seed,fbest,secs
QSO-time,1,30,500,15030,42,1248804.4306746342,0.6321916580200195
QSO-time,1,30,500,15030,43,620526.2205058482,0.6479451656341553
QSO-time,1,30,500,15030,44,643254.7336597177,0.6085836887359619
QSO-time,1,30,500,15030,45,734771.9590747572,0.6087417602539062
QSO-time,1,30,500,15030,46,1173418.9067688696,0.6110570430755615
QSO-time,1,30,500,15030,47,410825.81421021314,0.5797140598297119
QSO-time,1,30,500,15030,48,2312481.433832868,0.5852551460266113
QSO-time,1,30,500,15030,49,829621.0243601598,0.5737760066986084
QSO-time,1,30,500,15030,50,624861.9755482931,0.5674512386322021
QSO-time,1,30,500,15030,51,877162.4339106241,0.5830445289611816
QSO-stagnation,1,30,500,15030,42,169953.7630042042,0.5804684162139893
QSO-stagnation,1,30,500,15030,43,352720.665344618,0.5834159851074219
QSO-stagnation,1,30,500,15030,44,234371.591118544,0.5953683853149414
QSO-stagnation,1,30,500,15030,45,338441.5855288908,0.6222419738769531
QSO-stagnation,1,30,500,15030,46,355593.0566303926,0.5861823558807373
QSO-stagnation,1,30,500,15030,47,385276.26276824204,0.5854349136352539
QSO-stagnation,1,30,500,15030,48,143779.07416428896,0.6332900524139404
QSO-stagnation,1,30,500,15030,49,512758.3959369072,0.6155822277069092
QSO-stagnation,1,30,500,15030,50,391784.9670874114,0.5922389030456543
QSO-stagnation,1,30,500,15030,51,430639.8672996487,0.6340866088867188
QSO-diversity,1,30,500,15030,42,9235462870.174097,0.5913481712341309
QSO-diversity,1,30,500,15030,43,48131264390.81722,0.5518310070037842
QSO-diversity,1,30,500,15030,44,34840357466.99426,0.6251592636108398
QSO-diversity,1,30,500,15030,45,23632278182.693638,0.5867595672607422
QSO-diversity,1,30,500,15030,46,46749785692.52818,0.899744987487793
QSO-diversity,1,30,500,15030,47,23872393032.433716,0.7897853851318359
QSO-diversity,1,30,500,15030,48,17009981294.11554,1.0254778861999512
QSO-diversity,1,30,500,15030,49,27661143018.528046,1.0341475009918213
QSO-diversity,1,30,500,15030,50,31079445728.84556,0.9180419445037842
QSO-diversity,1,30,500,15030,51,21181745259.3389,1.0053331851959229
QSO-clip,1,30,500,15030,42,941213.0925476106,0.8168411254882812
QSO-clip,1,30,500,15030,43,576211.8893420271,0.7410404682159424
QSO-clip,1,30,500,15030,44,962622.9499636139,0.9837296009063721
QSO-clip,1,30,500,15030,45,486663.6144174591,0.7340736389160156
QSO-clip,1,30,500,15030,46,2920600.58712041,0.846855878829956
QSO-clip,1,30,500,15030,47,451664.7765478028,0.9015271663665771
QSO-clip,1,30,500,15030,48,1204629.0713927562,0.8349874019622803
QSO-clip,1,30,500,15030,49,321155.2457403867,0.9289517402648926
QSO-clip,1,30,500,15030,50,1075932.6377662413,0.791999101638794
QSO-clip,1,30,500,15030,51,1095316.6886635092,0.7158644199371338
DE,1,30,500,15030,42,736592.6355146762,1.8935365676879883
DE,1,30,500,15030,43,12351.640446662394,1.8646214008331299
DE,1,30,500,15030,44,660897538.1420004,1.8211405277252197
DE,1,30,500,15030,45,35259.4967752332,1.8108789920806885
DE,1,30,500,15030,46,29253.82182293051,1.8561573028564453
DE,1,30,500,15030,47,87358420.89875172,1.8284814357757568
DE,1,30,500,15030,48,82211.9466832963,1.879969596862793
DE,1,30,500,15030,49,3327.8531361290516,1.7952988147735596
DE,1,30,500,15030,50,297390044.86287296,1.7900962829589844
DE,1,30,500,15030,51,19749717.55266533,1.8644437789916992
GWO,1,30,500,15030,42,1772097501.4349005,2.311960220336914
GWO,1,30,500,15030,43,2313451683.467084,2.056196689605713
GWO,1,30,500,15030,44,2345279069.926649,3.0002527236938477
GWO,1,30,500,15030,45,2394767626.645142,2.9522011280059814
GWO,1,30,500,15030,46,1457869577.2818377,2.6115477085113525
GWO,1,30,500,15030,47,5186139365.738486,2.521211624145508
GWO,1,30,500,15030,48,2611039748.8269987,1.7586534023284912
GWO,1,30,500,15030,49,2128161770.524195,1.74847412109375
GWO,1,30,500,15030,50,2812507266.855715,1.6699650287628174
GWO,1,30,500,15030,51,3991299857.653054,1.714320421218872
HHO,1,30,500,15030,42,79582539.54467772,1.6708436012268066
HHO,1,30,500,15030,43,52844005.27066555,1.688582420349121
HHO,1,30,500,15030,44,41590515.51597253,1.6629114151000977
HHO,1,30,500,15030,45,31891550.30218847,1.595444679260254
HHO,1,30,500,15030,46,39685015.89001737,1.6365654468536377
HHO,1,30,500,15030,47,39737334.04921119,1.6245033740997314
HHO,1,30,500,15030,48,25527315.976092115,1.960707664489746
HHO,1,30,500,15030,49,42893158.44978903,1.9044654369354248
HHO,1,30,500,15030,50,30110747.938484542,2.55466890335083
HHO,1,30,500,15030,51,30321405.055694725,2.4666600227355957
MPA,1,30,500,15030,42,49265668828.45963,1.568690299987793
MPA,1,30,500,15030,43,33742628449.28706,1.824960470199585
MPA,1,30,500,15030,44,44804914115.88305,1.5335865020751953
MPA,1,30,500,15030,45,50034555408.73366,1.4759726524353027
MPA,1,30,500,15030,46,43068995649.77079,1.1839845180511475
MPA,1,30,500,15030,47,40633571321.45705,1.0553154945373535
MPA,1,30,500,15030,48,42402495912.401474,1.0457427501678467
MPA,1,30,500,15030,49,45534344297.35037,1.0197434425354004
MPA,1,30,500,15030,50,48295814439.09294,1.0191705226898193
MPA,1,30,500,15030,51,34465826089.63364,1.0441341400146484
PSO,1,30,500,15030,42,1026808909.1426088,0.45870065689086914
PSO,1,30,500,15030,43,7473.30785987522,0.4223599433898926
PSO,1,30,500,15030,44,1184059843.1836464,0.4399404525756836
PSO,1,30,500,15030,45,20942.501923330365,0.44811558723449707
PSO,1,30,500,15030,46,46730.13223331516,0.4370248317718506
PSO,1,30,500,15030,47,2234612598.790826,0.4264869689941406
PSO,1,30,500,15030,48,828.3204786634687,0.39388203620910645
PSO,1,30,500,15030,49,4030.2059604507626,0.4371156692504883
PSO,1,30,500,15030,50,1026798887.3562708,0.4409153461456299
PSO,1,30,500,15030,51,1836278443.033904,0.4355478286743164
QSO-time,3,30,500,15030,42,408.4483790740984,0.9854602813720703
QSO-time,3,30,500,15030,43,495.11784995958124,0.9643986225128174
QSO-time,3,30,500,15030,44,427.1152919328516,0.9297168254852295
QSO-time,3,30,500,15030,45,497.77645539191565,0.8930630683898926
QSO-time,3,30,500,15030,46,387.6302064400386,0.9067401885986328
QSO-time,3,30,500,15030,47,366.6099443428899,0.8980779647827148
QSO-time,3,30,500,15030,48,381.64977932856823,0.943293571472168
QSO-time,3,30,500,15030,49,493.6166473600357,0.9132919311523438
QSO-time,3,30,500,15030,50,397.46573430366715,0.9331979751586914
QSO-time,3,30,500,15030,51,409.36038328092786,0.9187390804290771
QSO-stagnation,3,30,500,15030,42,387.09568873576046,1.2148590087890625
QSO-stagnation,3,30,500,15030,43,436.1917457456142,1.1381211280822754
QSO-stagnation,3,30,500,15030,44,428.6001759208934,1.4912083148956299
QSO-stagnation,3,30,500,15030,45,450.56829540023784,1.5093410015106201
QSO-stagnation,3,30,500,15030,46,348.95349279269703,1.436185598373413
QSO-stagnation,3,30,500,15030,47,375.11668992764965,1.695065975189209
QSO-stagnation,3,30,500,15030,48,427.6148359699207,1.7009327411651611
QSO-stagnation,3,30,500,15030,49,424.5414535857388,1.5346112251281738
QSO-stagnation,3,30,500,15030,50,389.138631410049,1.4074199199676514
QSO-stagnation,3,30,500,15030,51,438.3667584695622,1.4030578136444092
QSO-diversity,3,30,500,15030,42,12339.31160500184,0.9133846759796143
QSO-diversity,3,30,500,15030,43,5678.189641619887,0.9595692157745361
QSO-diversity,3,30,500,15030,44,2980.906595646894,0.9773762226104736
QSO-diversity,3,30,500,15030,45,5721.295686202964,0.9536502361297607
QSO-diversity,3,30,500,15030,46,7541.487183728277,0.9801132678985596
QSO-diversity,3,30,500,15030,47,1859.5276498451976,0.9666707515716553
QSO-diversity,3,30,500,15030,48,7004.978456779904,0.9542901515960693
QSO-diversity,3,30,500,15030,49,2875.6661947993107,0.9395339488983154
QSO-diversity,3,30,500,15030,50,7307.206399097959,0.9181101322174072
QSO-diversity,3,30,500,15030,51,2360.2986757318467,0.9553050994873047
QSO-clip,3,30,500,15030,42,389.7544667286757,0.9710114002227783
QSO-clip,3,30,500,15030,43,507.45206524412123,1.007929801940918
QSO-clip,3,30,500,15030,44,448.9979499134365,0.8591372966766357
QSO-clip,3,30,500,15030,45,454.67547209774887,0.847740650177002
QSO-clip,3,30,500,15030,46,441.05032922984583,1.3532376289367676
QSO-clip,3,30,500,15030,47,437.67740103611203,1.4124195575714111
QSO-clip,3,30,500,15030,48,517.9533672770926,0.8846805095672607
QSO-clip,3,30,500,15030,49,467.2330970219864,0.8985340595245361
QSO-clip,3,30,500,15030,50,396.61343672390217,0.8762786388397217
QSO-clip,3,30,500,15030,51,384.86091773713696,0.8575949668884277
DE,3,30,500,15030,42,542.4166198116649,3.6412413120269775
DE,3,30,500,15030,43,333.6016881054792,3.2551486492156982
DE,3,30,500,15030,44,332.6240030916606,3.5307366847991943
DE,3,30,500,15030,45,399.0926957668965,3.579146146774292
DE,3,30,500,15030,46,377.74557687248523,2.3555707931518555
DE,3,30,500,15030,47,442.91928496861,2.2987048625946045
DE,3,30,500,15030,48,388.1937441344378,2.335573673248291
DE,3,30,500,15030,49,610.1843580096206,2.334604501724243
DE,3,30,500,15030,50,335.25789163433484,2.2724335193634033
DE,3,30,500,15030,51,448.70055520419044,2.1944236755371094
GWO,3,30,500,15030,42,469.66639594121676,1.9820053577423096
GWO,3,30,500,15030,43,431.006892658289,2.060626745223999
GWO,3,30,500,15030,44,571.5397434059704,2.8755288124084473
GWO,3,30,500,15030,45,459.94472648678845,3.1592929363250732
GWO,3,30,500,15030,46,588.4523660549489,3.0308501720428467
GWO,3,30,500,15030,47,591.1426708613053,3.358612298965454
GWO,3,30,500,15030,48,526.6936401730995,2.7005937099456787
GWO,3,30,500,15030,49,492.3519743182958,2.4135732650756836
GWO,3,30,500,15030,50,541.5393847258977,2.095858573913574
GWO,3,30,500,15030,51,439.0334963705597,2.1733691692352295
HHO,3,30,500,15030,42,571.7687580640749,2.216522693634033
HHO,3,30,500,15030,43,384.49715424987437,2.297114133834839
HHO,3,30,500,15030,44,435.9904712391214,2.22202205657959
HHO,3,30,500,15030,45,479.7991169699021,2.308699607849121
HHO,3,30,500,15030,46,477.43547057265573,2.2997183799743652
HHO,3,30,500,15030,47,464.2705217826133,2.804769515991211
HHO,3,30,500,15030,48,424.6795743331849,3.706368923187256
HHO,3,30,500,15030,49,542.9730795650273,3.4074554443359375
HHO,3,30,500,15030,50,392.22605371778883,3.322032928466797
HHO,3,30,500,15030,51,428.2920739200763,3.2057909965515137
MPA,3,30,500,15030,42,6818.162953387759,1.3421874046325684
MPA,3,30,500,15030,43,9870.251506424083,1.3276450634002686
MPA,3,30,500,15030,44,10000.663408461014,1.3292062282562256
MPA,3,30,500,15030,45,12801.294822174637,1.2895028591156006
MPA,3,30,500,15030,46,5735.580660656002,1.2853920459747314
MPA,3,30,500,15030,47,9180.154140142007,1.3928906917572021
MPA,3,30,500,15030,48,9577.753385526463,1.367677927017212
MPA,3,30,500,15030,49,10021.24142467644,1.3669214248657227
MPA,3,30,500,15030,50,8558.283376841042,1.4218025207519531
MPA,3,30,500,15030,51,8126.806881655295,2.167287588119507
PSO,3,30,500,15030,42,505.20501617678076,1.292029857635498
PSO,3,30,500,15030,43,336.4261257855933,1.0424668788909912
PSO,3,30,500,15030,44,348.3913106665852,0.9163646697998047
PSO,3,30,500,15030,45,335.12079597778927,0.7434155941009521
PSO,3,30,500,15030,46,360.44959786559235,0.7474792003631592
PSO,3,30,500,15030,47,372.23336142556485,1.1143052577972412
PSO,3,30,500,15030,48,337.47386657146836,1.0266776084899902
PSO,3,30,500,15030,49,418.70800577263776,1.2691044807434082
PSO,3,30,500,15030,50,470.00244322077003,1.1883080005645752
PSO,3,30,500,15030,51,394.9595024044585,1.2642452716827393
QSO-time,4,30,500,15030,42,825.9588579338515,1.2057805061340332
QSO-time,4,30,500,15030,43,854.398394016906,1.3005270957946777
QSO-time,4,30,500,15030,44,862.2458422911197,1.3405160903930664
QSO-time,4,30,500,15030,45,708.6980622299573,1.1706254482269287
QSO-time,4,30,500,15030,46,812.0569485929982,1.3544867038726807
QSO-time,4,30,500,15030,47,866.5454878642772,1.2264220714569092
QSO-time,4,30,500,15030,48,916.7754283737495,1.1787514686584473
QSO-time,4,30,500,15030,49,829.3012627247954,0.9028246402740479
QSO-time,4,30,500,15030,50,760.4751616995948,0.8384346961975098
QSO-time,4,30,500,15030,51,1010.1935333112935,0.8127157688140869
QSO-stagnation,4,30,500,15030,42,819.0460698241534,0.8599870204925537
QSO-stagnation,4,30,500,15030,43,764.0657514731457,0.518460750579834
QSO-stagnation,4,30,500,15030,44,822.0217987947533,0.8828625679016113
QSO-stagnation,4,30,500,15030,45,741.6025370013381,0.911613941192627
QSO-stagnation,4,30,500,15030,46,734.5705619582329,0.8480207920074463
QSO-stagnation,4,30,500,15030,47,713.5888352411583,0.8855175971984863
QSO-stagnation,4,30,500,15030,48,744.7964803274023,0.8479223251342773
QSO-stagnation,4,30,500,15030,49,883.6054142492928,0.8593382835388184
QSO-stagnation,4,30,500,15030,50,710.363106871349,0.8912148475646973
QSO-stagnation,4,30,500,15030,51,890.8280144639477,0.9034895896911621
QSO-diversity,4,30,500,15030,42,21147.674176798097,0.822066068649292
QSO-diversity,4,30,500,15030,43,71306.09530939482,0.803898811340332
QSO-diversity,4,30,500,15030,44,41060.53857043064,0.7973213195800781
QSO-diversity,4,30,500,15030,45,21795.587047516467,0.7504823207855225
QSO-diversity,4,30,500,15030,46,20666.19387656342,0.7790789604187012
QSO-diversity,4,30,500,15030,47,40412.3318539625,0.7633981704711914
QSO-diversity,4,30,500,15030,48,14142.38496595478,0.8416945934295654
QSO-diversity,4,30,500,15030,49,45422.8184901727,0.8524715900421143
QSO-diversity,4,30,500,15030,50,13238.956187310987,0.8276362419128418
QSO-diversity,4,30,500,15030,51,17382.03674830875,0.8127989768981934
QSO-clip,4,30,500,15030,42,770.1156321747892,1.0608470439910889
QSO-clip,4,30,500,15030,43,630.3563271095551,0.8029711246490479
QSO-clip,4,30,500,15030,44,891.5903355971117,1.2198681831359863
QSO-clip,4,30,500,15030,45,824.2379056119246,1.1753349304199219
QSO-clip,4,30,500,15030,46,1023.503360186162,1.1493158340454102
QSO-clip,4,30,500,15030,47,622.9517825441936,1.282599687576294
QSO-clip,4,30,500,15030,48,653.2769673605819,1.061990737915039
QSO-clip,4,30,500,15030,49,739.8266849541933,1.4369254112243652
QSO-clip,4,30,500,15030,50,990.3018798483319,1.1906852722167969
QSO-clip,4,30,500,15030,51,823.5487048496736,1.17384934425354
DE,4,30,500,15030,42,666.1154840526935,2.6085922718048096
DE,4,30,500,15030,43,650.7962190793506,2.3088138103485107
DE,4,30,500,15030,44,650.2412599870062,2.0516281127929688
DE,4,30,500,15030,45,718.0447473112037,2.0102195739746094
DE,4,30,500,15030,46,711.1345807994652,2.156421184539795
DE,4,30,500,15030,47,614.7596935438226,2.1547176837921143
DE,4,30,500,15030,48,648.0093367824445,2.1606051921844482
DE,4,30,500,15030,49,691.9401579265527,2.0955069065093994
DE,4,30,500,15030,50,619.0002770727608,2.0649678707122803
DE,4,30,500,15030,51,678.9284122462531,1.9998867511749268
GWO,4,30,500,15030,42,2562.218504361727,2.6691126823425293
GWO,4,30,500,15030,43,2197.9062278808165,3.0642471313476562
GWO,4,30,500,15030,44,1659.0569226989924,3.0957300662994385
GWO,4,30,500,15030,45,4951.503918400714,3.165992259979248
GWO,4,30,500,15030,46,1966.398901375911,2.2381298542022705
GWO,4,30,500,15030,47,2963.299399445143,2.1429944038391113
GWO,4,30,500,15030,48,1907.0604831339826,1.974365234375
GWO,4,30,500,15030,49,3345.917371197081,1.8879854679107666
GWO,4,30,500,15030,50,3818.1509125670314,1.904834270477295
GWO,4,30,500,15030,51,4064.7785646463003,1.795638084411621
HHO,4,30,500,15030,42,1212.3136893277258,2.023437261581421
HHO,4,30,500,15030,43,1213.6332073238248,1.9652235507965088
HHO,4,30,500,15030,44,1207.76978381898,1.9654533863067627
HHO,4,30,500,15030,45,1260.93303614035,1.9992928504943848
HHO,4,30,500,15030,46,993.8056226713849,2.393056869506836
HHO,4,30,500,15030,47,999.0797854770709,2.476931571960449
HHO,4,30,500,15030,48,1000.4831408772535,2.982853412628174
HHO,4,30,500,15030,49,1280.411688968662,3.3471713066101074
HHO,4,30,500,15030,50,1357.4322517937485,3.118375778198242
HHO,4,30,500,15030,51,964.3051647186215,2.672132730484009
MPA,4,30,500,15030,42,72865.81237689209,1.2679572105407715
MPA,4,30,500,15030,43,66963.21174115925,1.2763066291809082
MPA,4,30,500,15030,44,59060.80736413135,1.2240135669708252
MPA,4,30,500,15030,45,50885.89027015118,1.1767420768737793
MPA,4,30,500,15030,46,63088.752529651254,1.2031867504119873
MPA,4,30,500,15030,47,66478.93457626458,1.1492209434509277
MPA,4,30,500,15030,48,57244.73768869019,1.179896354675293
MPA,4,30,500,15030,49,56326.10030359139,1.179748296737671
MPA,4,30,500,15030,50,67663.61182192095,1.1521542072296143
MPA,4,30,500,15030,51,59675.87111492383,1.1580374240875244
PSO,4,30,500,15030,42,4174.621459736927,0.5744521617889404
PSO,4,30,500,15030,43,1901.946447165975,0.6073544025421143
PSO,4,30,500,15030,44,2087.910421431504,0.6270403861999512
PSO,4,30,500,15030,45,843.6197931161535,0.5811419486999512
PSO,4,30,500,15030,46,1786.1636657588992,0.5870513916015625
PSO,4,30,500,15030,47,1108.5931027559977,0.629645824432373
PSO,4,30,500,15030,48,3513.459974379633,0.610327959060669
PSO,4,30,500,15030,49,2873.234361391399,0.6113286018371582
PSO,4,30,500,15030,50,1423.718736803959,0.6263823509216309
PSO,4,30,500,15030,51,2481.717748518405,0.579139232635498
QSO-time,5,30,500,15030,42,500.00031759297485,5.217212915420532
QSO-time,5,30,500,15030,43,500.00065385029205,5.867005109786987
QSO-time,5,30,500,15030,44,500.0007133897894,4.417317628860474
QSO-time,5,30,500,15030,45,500.0000356453829,3.8358004093170166
QSO-time,5,30,500,15030,46,500.0011613904793,3.403848648071289
QSO-time,5,30,500,15030,47,500.00004710348946,3.323078155517578
QSO-time,5,30,500,15030,48,500.00217372637127,3.3934133052825928
QSO-time,5,30,500,15030,49,500.0001354456461,3.401899576187134
QSO-time,5,30,500,15030,50,500.0002332799942,4.699280500411987
QSO-time,5,30,500,15030,51,500.0006561609037,5.439342498779297
QSO-stagnation,5,30,500,15030,42,500.000277737053,4.534653186798096
QSO-stagnation,5,30,500,15030,43,500.00071533199247,4.5344743728637695
QSO-stagnation,5,30,500,15030,44,500.0005761712692,3.470055103302002
QSO-stagnation,5,30,500,15030,45,500.0000184903166,3.4284160137176514
QSO-stagnation,5,30,500,15030,46,500.0018440215026,3.405869722366333
QSO-stagnation,5,30,500,15030,47,500.00288903761134,3.5009875297546387
QSO-stagnation,5,30,500,15030,48,500.00359515523576,4.008384466171265
QSO-stagnation,5,30,500,15030,49,500.0015433068228,4.161333322525024
QSO-stagnation,5,30,500,15030,50,500.00007909269596,4.56562352180481
QSO-stagnation,5,30,500,15030,51,500.0005295351169,4.687660217285156
QSO-diversity,5,30,500,15030,42,500.0186447077514,3.737015962600708
QSO-diversity,5,30,500,15030,43,500.00372300856895,3.7991514205932617
QSO-diversity,5,30,500,15030,44,500.0217428408977,3.651278257369995
QSO-diversity,5,30,500,15030,45,500.0343768412961,3.7516019344329834
QSO-diversity,5,30,500,15030,46,500.0632189783567,5.030639886856079
QSO-diversity,5,30,500,15030,47,500.05189735674713,4.905162572860718
QSO-diversity,5,30,500,15030,48,500.0023750655233,4.648038864135742
QSO-diversity,5,30,500,15030,49,500.009939141162,4.606805801391602
QSO-diversity,5,30,500,15030,50,500.0031610936305,3.500819683074951
QSO-diversity,5,30,500,15030,51,500.02051172835223,3.515467405319214
QSO-clip,5,30,500,15030,42,500.00070595688754,3.5650343894958496
QSO-clip,5,30,500,15030,43,500.00015094485866,3.4737725257873535
QSO-clip,5,30,500,15030,44,500.00075355345814,5.129314422607422
QSO-clip,5,30,500,15030,45,500.00017523344405,5.064485311508179
QSO-clip,5,30,500,15030,46,500.0010583204014,4.5106775760650635
QSO-clip,5,30,500,15030,47,500.0007550092934,4.546793222427368
QSO-clip,5,30,500,15030,48,500.00080434933557,3.5101699829101562
QSO-clip,5,30,500,15030,49,500.0003317644514,3.5423026084899902
QSO-clip,5,30,500,15030,50,500.0019796674826,3.680684804916382
QSO-clip,5,30,500,15030,51,500.00020163327054,3.6331238746643066
DE,5,30,500,15030,42,500.0010780322782,7.526643991470337
DE,5,30,500,15030,43,500.00106923880185,8.076501607894897
DE,5,30,500,15030,44,500.0010879268094,4.914198875427246
DE,5,30,500,15030,45,500.00113736904564,4.967346906661987
DE,5,30,500,15030,46,500.0000991076697,5.158926248550415
DE,5,30,500,15030,47,500.000003449135,5.54085636138916
DE,5,30,500,15030,48,500.00020587288856,7.36670184135437
DE,5,30,500,15030,49,500.0032207959664,6.814531564712524
DE,5,30,500,15030,50,500.0028929385983,5.242917776107788
DE,5,30,500,15030,51,500.0022177020462,5.2277514934539795
GWO,5,30,500,15030,42,500.0008687457114,5.121794700622559
GWO,5,30,500,15030,43,500.0007792185841,5.5084638595581055
GWO,5,30,500,15030,44,500.0009241197062,7.021938800811768
GWO,5,30,500,15030,45,500.0002491262376,6.431544303894043
GWO,5,30,500,15030,46,500.00007618589416,4.677112817764282
GWO,5,30,500,15030,47,500.00005079746137,4.658397674560547
GWO,5,30,500,15030,48,500.0057433385166,5.206071853637695
GWO,5,30,500,15030,49,500.0008333800171,4.9853575229644775
GWO,5,30,500,15030,50,500.00005236060593,6.431960821151733
GWO,5,30,500,15030,51,500.00033461775524,6.650772571563721
HHO,5,30,500,15030,42,500.0005641089598,6.724101781845093
HHO,5,30,500,15030,43,500.00145303601596,6.777158498764038
HHO,5,30,500,15030,44,500.0027043273806,9.469284057617188
HHO,5,30,500,15030,45,500.00049219680074,9.565251588821411
HHO,5,30,500,15030,46,500.0035493048053,6.731941223144531
HHO,5,30,500,15030,47,500.00116474477096,6.730046033859253
HHO,5,30,500,15030,48,500.00047100305494,10.17810344696045
HHO,5,30,500,15030,49,500.0007036937266,10.099324464797974
HHO,5,30,500,15030,50,500.00068890033316,6.869856834411621
HHO,5,30,500,15030,51,500.0023642880983,6.622934579849243
MPA,5,30,500,15030,42,500.0279545337049,4.871657848358154
MPA,5,30,500,15030,43,500.0390147471478,4.505811929702759
MPA,5,30,500,15030,44,500.0237416611787,5.981353282928467
MPA,5,30,500,15030,45,500.03914574499856,5.755118131637573
MPA,5,30,500,15030,46,500.0377218616925,4.232362270355225
MPA,5,30,500,15030,47,500.03375046558,4.164192199707031
MPA,5,30,500,15030,48,500.0408290418151,3.9409701824188232
MPA,5,30,500,15030,49,500.0276820336209,3.9170024394989014
MPA,5,30,500,15030,50,500.0352298646196,5.59118127822876
MPA,5,30,500,15030,51,500.0311004195055,5.33206582069397
PSO,5,30,500,15030,42,500.00027401295296,4.242356538772583
PSO,5,30,500,15030,43,500.0004335382518,4.151248216629028
PSO,5,30,500,15030,44,500.0000294868492,3.25407075881958
PSO,5,30,500,15030,45,500.0000270723759,3.280935764312744
PSO,5,30,500,15030,46,500.00000253221555,3.2065725326538086
PSO,5,30,500,15030,47,500.00015989103616,3.237006187438965
PSO,5,30,500,15030,48,500.00078912264445,3.92669939994812
PSO,5,30,500,15030,49,500.0018826086428,4.443438291549683
PSO,5,30,500,15030,50,500.00023936105885,5.199972629547119
PSO,5,30,500,15030,51,500.0005983209463,4.542496204376221
QSO-time,6,30,500,15030,42,1077.1530952167789,1.3414669036865234
QSO-time,6,30,500,15030,43,1179.019396690796,1.3735592365264893
QSO-time,6,30,500,15030,44,1432.7473062129525,1.4410762786865234
QSO-time,6,30,500,15030,45,1254.1133771985315,1.3861587047576904
QSO-time,6,30,500,15030,46,1508.8398762514032,1.4492216110229492
QSO-time,6,30,500,15030,47,1161.6511214089105,1.4227657318115234
QSO-time,6,30,500,15030,48,1461.021842838436,1.3793532848358154
QSO-time,6,30,500,15030,49,1088.2942103326511,1.3696222305297852
QSO-time,6,30,500,15030,50,1381.2748256226196,1.441122055053711
QSO-time,6,30,500,15030,51,1255.4795342605785,1.402327299118042
QSO-stagnation,6,30,500,15030,42,1017.8756331069005,1.5117912292480469
QSO-stagnation,6,30,500,15030,43,1046.117560625208,1.4772112369537354
QSO-stagnation,6,30,500,15030,44,1047.7613737654497,1.4447884559631348
QSO-stagnation,6,30,500,15030,45,1212.5835005296676,1.5800361633300781
QSO-stagnation,6,30,500,15030,46,1151.6030075174367,2.2385804653167725
QSO-stagnation,6,30,500,15030,47,1093.610199793436,2.165682792663574
QSO-stagnation,6,30,500,15030,48,1232.8655261522076,2.151542901992798
QSO-stagnation,6,30,500,15030,49,1029.3462458433912,2.2293903827667236
QSO-stagnation,6,30,500,15030,50,1135.5133465903336,2.3754091262817383
QSO-stagnation,6,30,500,15030,51,1069.9419230296917,1.985276460647583
QSO-diversity,6,30,500,15030,42,1119393.9435302936,1.4857890605926514
QSO-diversity,6,30,500,15030,43,1445901.8251042597,1.4314472675323486
QSO-diversity,6,30,500,15030,44,1498683.0457756587,1.4209322929382324
QSO-diversity,6,30,500,15030,45,459644.8905684346,1.279970645904541
QSO-diversity,6,30,500,15030,46,2467336.182870311,1.346156120300293
QSO-diversity,6,30,500,15030,47,2783340.285708258,1.3881614208221436
QSO-diversity,6,30,500,15030,48,1590154.7551223168,1.403637170791626
QSO-diversity,6,30,500,15030,49,367215.4039007642,1.381136417388916
QSO-diversity,6,30,500,15030,50,1264340.5580313087,1.4686424732208252
QSO-diversity,6,30,500,15030,51,847872.5427295074,1.493382453918457
QSO-clip,6,30,500,15030,42,1269.0068661176397,1.3292076587677002
QSO-clip,6,30,500,15030,43,1321.5577031842363,1.260296106338501
QSO-clip,6,30,500,15030,44,1151.7010144090723,1.2964015007019043
QSO-clip,6,30,500,15030,45,1477.3056198377908,1.3155348300933838
QSO-clip,6,30,500,15030,46,1315.4801310272228,1.877664566040039
QSO-clip,6,30,500,15030,47,1006.2853866483907,1.9243566989898682
QSO-clip,6,30,500,15030,48,1882.854134760023,2.1700875759124756
QSO-clip,6,30,500,15030,49,1393.2812570947326,1.973649263381958
QSO-clip,6,30,500,15030,50,1406.3978622409877,2.301844596862793
QSO-clip,6,30,500,15030,51,1624.8703171285952,1.8660540580749512
DE,6,30,500,15030,42,1062.539667547849,3.157783269882202
DE,6,30,500,15030,43,918.7759919807205,2.971212863922119
DE,6,30,500,15030,44,1250.0836544337335,2.757720708847046
DE,6,30,500,15030,45,885.6034265536763,2.7109787464141846
DE,6,30,500,15030,46,979.3087012949148,2.643453359603882
DE,6,30,500,15030,47,34454.48556724458,2.707815170288086
DE,6,30,500,15030,48,1020.107736209166,2.796997547149658
DE,6,30,500,15030,49,917.6030018998923,2.815765619277954
DE,6,30,500,15030,50,966.8488457410535,4.257868528366089
DE,6,30,500,15030,51,19313.264053965693,4.616080045700073
GWO,6,30,500,15030,42,95785.772532454,3.162475347518921
GWO,6,30,500,15030,43,98649.07840390255,3.1456997394561768
GWO,6,30,500,15030,44,243480.1167016503,2.4507381916046143
GWO,6,30,500,15030,45,20565.902877230415,2.390320062637329
GWO,6,30,500,15030,46,81299.60231650414,2.4197192192077637
GWO,6,30,500,15030,47,67834.59776663878,2.4082703590393066
GWO,6,30,500,15030,48,13620.899442171216,2.700958013534546
GWO,6,30,500,15030,49,86099.41925243914,2.702889919281006
GWO,6,30,500,15030,50,300599.01788414776,3.4409878253936768
GWO,6,30,500,15030,51,109307.56267505557,3.2841596603393555
HHO,6,30,500,15030,42,4556.832316140573,4.917547225952148
HHO,6,30,500,15030,43,2823.824488033005,4.703205585479736
HHO,6,30,500,15030,44,2577.0718209650277,3.2798776626586914
HHO,6,30,500,15030,45,3073.178048348499,3.2778701782226562
HHO,6,30,500,15030,46,2428.7799491918986,3.278691291809082
HHO,6,30,500,15030,47,3161.419683898991,3.164022207260132
HHO,6,30,500,15030,48,2965.208592498227,3.2248942852020264
HHO,6,30,500,15030,49,2974.524950206108,3.427847385406494
HHO,6,30,500,15030,50,3221.335948767245,5.275085210800171
HHO,6,30,500,15030,51,2744.2247356183666,5.247495889663696
MPA,6,30,500,15030,42,1765899.1767327094,2.208491802215576
MPA,6,30,500,15030,43,2312998.0001488253,2.154280185699463
MPA,6,30,500,15030,44,1895462.7378008463,1.8044016361236572
MPA,6,30,500,15030,45,2201059.8958667796,1.7902114391326904
MPA,6,30,500,15030,46,2067877.7298950849,1.7361035346984863
MPA,6,30,500,15030,47,2280583.4683619626,1.874673843383789
MPA,6,30,500,15030,48,2102165.5824875575,1.7470002174377441
MPA,6,30,500,15030,49,2455330.408597727,1.7785232067108154
MPA,6,30,500,15030,50,2244807.8566454877,1.7441766262054443
MPA,6,30,500,15030,51,2235926.073449911,1.770486831665039
PSO,6,30,500,15030,42,52077.87886669199,1.1952428817749023
PSO,6,30,500,15030,43,338760.8120532917,1.1694684028625488
PSO,6,30,500,15030,44,136635.2703147687,1.4438772201538086
PSO,6,30,500,15030,45,950.2217430876708,1.581505537033081
PSO,6,30,500,15030,46,1224.8709984061118,1.7817602157592773
PSO,6,30,500,15030,47,267446.2810910612,1.942917823791504
PSO,6,30,500,15030,48,87137.64792833672,1.616565227508545
PSO,6,30,500,15030,49,71422.42322936041,1.8550987243652344
PSO,6,30,500,15030,50,86048.81539171273,1.9918036460876465
PSO,6,30,500,15030,51,310211.2837097994,1.6520240306854248
QSO-time,9,30,500,15030,42,228.9333429211165,2.873300552368164
QSO-time,9,30,500,15030,43,1158.9108400784862,2.655120849609375
QSO-time,9,30,500,15030,44,1697.75940171597,2.4651079177856445
QSO-time,9,30,500,15030,45,1374.389210323945,2.4882469177246094
QSO-time,9,30,500,15030,46,2463.7026841475927,2.4711110591888428
QSO-time,9,30,500,15030,47,-603.7285877901486,2.4457271099090576
QSO-time,9,30,500,15030,48,-893.7126517445122,2.5803208351135254
QSO-time,9,30,500,15030,49,128.46734387627475,2.519739866256714
QSO-time,9,30,500,15030,50,-289.2328374324734,3.7004778385162354
QSO-time,9,30,500,15030,51,2336.2773613631507,4.076740980148315
QSO-stagnation,9,30,500,15030,42,4152.864899791071,3.866818904876709
QSO-stagnation,9,30,500,15030,43,4026.4749516304328,3.6666998863220215
QSO-stagnation,9,30,500,15030,44,4311.30524855234,2.5950927734375
QSO-stagnation,9,30,500,15030,45,3821.6083122988093,2.5955464839935303
QSO-stagnation,9,30,500,15030,46,4384.519430668095,2.558120012283325
QSO-stagnation,9,30,500,15030,47,4494.334530494623,2.3760781288146973
QSO-stagnation,9,30,500,15030,48,2752.305366315806,2.6450228691101074
QSO-stagnation,9,30,500,15030,49,3483.045695635292,2.612774133682251
QSO-stagnation,9,30,500,15030,50,4390.741721365639,3.213491439819336
QSO-stagnation,9,30,500,15030,51,4574.027441836572,3.2385852336883545
QSO-diversity,9,30,500,15030,42,2118.9097999848545,4.2646284103393555
QSO-diversity,9,30,500,15030,43,-268.62614294092054,4.218029260635376
QSO-diversity,9,30,500,15030,44,3903.7124099722114,3.055513620376587
QSO-diversity,9,30,500,15030,45,1506.097820310355,2.9713048934936523
QSO-diversity,9,30,500,15030,46,1455.241776596391,2.5620615482330322
QSO-diversity,9,30,500,15030,47,304.7712874887766,2.582192897796631
QSO-diversity,9,30,500,15030,48,1115.3450182282559,2.554117441177368
QSO-diversity,9,30,500,15030,49,-498.3046237671497,2.573486804962158
QSO-diversity,9,30,500,15030,50,527.9874315239704,2.497694730758667
QSO-diversity,9,30,500,15030,51,1940.5229085503324,2.345842123031616
QSO-clip,9,30,500,15030,42,540.6521075069231,3.996497631072998
QSO-clip,9,30,500,15030,43,35.191487504636825,3.677730083465576
QSO-clip,9,30,500,15030,44,2514.0523085595014,4.1735382080078125
QSO-clip,9,30,500,15030,45,1230.156768831339,4.027779817581177
QSO-clip,9,30,500,15030,46,2046.9490509885836,2.5940942764282227
QSO-clip,9,30,500,15030,47,941.9561992378567,2.5268468856811523
QSO-clip,9,30,500,15030,48,1825.2749498542144,2.535720109939575
QSO-clip,9,30,500,15030,49,1293.8454503645517,2.508551597595215
QSO-clip,9,30,500,15030,50,237.2102600307844,2.8864903450012207
QSO-clip,9,30,500,15030,51,1996.3455111800322,2.8006911277770996
DE,9,30,500,15030,42,2166.1196869759224,5.398006916046143
DE,9,30,500,15030,43,4547.28041253546,5.6709043979644775
DE,9,30,500,15030,44,4685.3684140348,5.287720203399658
DE,9,30,500,15030,45,4586.287471913243,5.260579347610474
DE,9,30,500,15030,46,4773.763992774097,4.061455726623535
DE,9,30,500,15030,47,4352.661352941708,4.0038158893585205
DE,9,30,500,15030,48,2651.214568989066,3.874847888946533
DE,9,30,500,15030,49,4042.676869270379,3.790280818939209
DE,9,30,500,15030,50,4453.7664540383175,6.693381071090698
DE,9,30,500,15030,51,2808.139142022548,6.283468961715698
GWO,9,30,500,15030,42,2951.720902838002,3.7856485843658447
GWO,9,30,500,15030,43,5113.815920205991,3.644650936126709
GWO,9,30,500,15030,44,-712.7041735524635,3.6410162448883057
GWO,9,30,500,15030,45,5172.673739112128,3.6877284049987793
GWO,9,30,500,15030,46,4383.209619588311,3.8961691856384277
GWO,9,30,500,15030,47,4027.478721502999,4.118956565856934
GWO,9,30,500,15030,48,4639.9125964134855,5.567224025726318
GWO,9,30,500,15030,49,3265.5980168525166,5.3802807331085205
GWO,9,30,500,15030,50,4893.699083265301,4.005960941314697
GWO,9,30,500,15030,51,3556.179299775751,3.9702675342559814
HHO,9,30,500,15030,42,2467.9660886559304,5.42253565788269
HHO,9,30,500,15030,43,-591.0596599504843,5.479342937469482
HHO,9,30,500,15030,44,-2772.6529740391397,7.6839587688446045
HHO,9,30,500,15030,45,-63.317525464040955,8.18170166015625
HHO,9,30,500,15030,46,3234.9285521773454,6.04897665977478
HHO,9,30,500,15030,47,-2092.514167947287,5.712352752685547
HHO,9,30,500,15030,48,-2622.3012115447,5.321224927902222
HHO,9,30,500,15030,49,-690.6626816570988,5.2157511711120605
HHO,9,30,500,15030,50,-2495.138806182951,7.636959552764893
HHO,9,30,500,15030,51,-952.4082165529071,7.5112833976745605
MPA,9,30,500,15030,42,5348.889873236186,2.834240198135376
MPA,9,30,500,15030,43,3803.8356942286537,2.929206609725952
MPA,9,30,500,15030,44,3544.794410041446,3.06796932220459
MPA,9,30,500,15030,45,4448.425462154146,3.0066654682159424
MPA,9,30,500,15030,46,5099.350795932676,2.908618688583374
MPA,9,30,500,15030,47,5236.23935596206,3.046395778656006
MPA,9,30,500,15030,48,4813.837087406018,4.580107688903809
MPA,9,30,500,15030,49,5181.570993887297,4.473262310028076
MPA,9,30,500,15030,50,3627.3324764895733,3.983213424682617
MPA,9,30,500,15030,51,4960.197879150355,3.7381463050842285
PSO,9,30,500,15030,42,-1674.5229885875106,2.4288525581359863
PSO,9,30,500,15030,43,123.71646461718046,2.5461432933807373
PSO,9,30,500,15030,44,-662.8065756315209,2.4109911918640137
PSO,9,30,500,15030,45,-2988.4595284126262,2.370633602142334
PSO,9,30,500,15030,46,-1294.082127610991,2.346635580062866
PSO,9,30,500,15030,47,-1778.8938609939123,2.272801399230957
PSO,9,30,500,15030,48,-2098.9531854139404,2.772279739379883
PSO,9,30,500,15030,49,-2084.867778595799,2.868032693862915
PSO,9,30,500,15030,50,-2129.8665242908937,3.731297254562378
PSO,9,30,500,15030,51,-2698.309966467068,3.546917200088501
QSO-time,10,30,500,15030,42,82845.90509059225,2.5452218055725098
QSO-time,10,30,500,15030,43,21091.97323026389,2.452629327774048
QSO-time,10,30,500,15030,44,33019.31878323566,1.7724592685699463
QSO-time,10,30,500,15030,45,57047.593849267236,1.738724946975708
QSO-time,10,30,500,15030,46,50958.817143110355,1.725339651107788
QSO-time,10,30,500,15030,47,108011.36999365795,1.68668794631958
QSO-time,10,30,500,15030,48,7550.819878201737,1.893512487411499
QSO-time,10,30,500,15030,49,47160.35330992035,1.8132529258728027
QSO-time,10,30,500,15030,50,24214.222819596736,1.7258074283599854
QSO-time,10,30,500,15030,51,70820.15907769382,1.7276113033294678
QSO-stagnation,10,30,500,15030,42,63776.32730574551,1.8017528057098389
QSO-stagnation,10,30,500,15030,43,16491.17119318536,1.8181214332580566
QSO-stagnation,10,30,500,15030,44,18638.35900371689,1.9897913932800293
QSO-stagnation,10,30,500,15030,45,32473.985966700526,2.3333818912506104
QSO-stagnation,10,30,500,15030,46,44478.43471658058,2.699493885040283
QSO-stagnation,10,30,500,15030,47,89013.49148999219,2.6049489974975586
QSO-stagnation,10,30,500,15030,48,7947.576043091345,2.7704262733459473
QSO-stagnation,10,30,500,15030,49,21759.732357763103,2.5335187911987305
QSO-stagnation,10,30,500,15030,50,12002.185610967717,1.8810815811157227
QSO-stagnation,10,30,500,15030,51,53289.11068530104,1.9149246215820312
QSO-diversity,10,30,500,15030,42,161379.39800135745,1.754408359527588
QSO-diversity,10,30,500,15030,43,90013.81498691539,1.7608880996704102
QSO-diversity,10,30,500,15030,44,96600.22087182727,1.7036168575286865
QSO-diversity,10,30,500,15030,45,2930551.24742951,1.7428486347198486
QSO-diversity,10,30,500,15030,46,182637.71439078444,1.7223608493804932
QSO-diversity,10,30,500,15030,47,264982.3707381161,1.7562875747680664
QSO-diversity,10,30,500,15030,48,188048.51908134302,1.834571123123169
QSO-diversity,10,30,500,15030,49,584310.1172730167,1.808626413345337
QSO-diversity,10,30,500,15030,50,126115.13282337092,1.816136360168457
QSO-diversity,10,30,500,15030,51,131455.01508931254,1.8170952796936035
QSO-clip,10,30,500,15030,42,85656.35285566351,2.4013094902038574
QSO-clip,10,30,500,15030,43,58998.8284891709,2.5817620754241943
QSO-clip,10,30,500,15030,44,78277.5195067365,2.41680908203125
QSO-clip,10,30,500,15030,45,31707.393960533114,2.6310269832611084
QSO-clip,10,30,500,15030,46,30638.84622717955,2.418271064758301
QSO-clip,10,30,500,15030,47,72133.63397242002,1.938103437423706
QSO-clip,10,30,500,15030,48,10419.236219029903,1.7535765171051025
QSO-clip,10,30,500,15030,49,40928.15792293298,1.7540030479431152
QSO-clip,10,30,500,15030,50,18750.913409810248,1.6954460144042969
QSO-clip,10,30,500,15030,51,73100.43759543475,1.6481070518493652
DE,10,30,500,15030,42,8052.760795738799,3.006627082824707
DE,10,30,500,15030,43,11911.012180710957,3.0208890438079834
DE,10,30,500,15030,44,12746.211658158649,3.062885284423828
DE,10,30,500,15030,45,6828.175914105694,3.128493309020996
DE,10,30,500,15030,46,12100.858800113434,5.456884384155273
DE,10,30,500,15030,47,54116.333463861054,4.810119390487671
DE,10,30,500,15030,48,5610.79443813949,3.8311288356781006
DE,10,30,500,15030,49,18136.005831531093,3.6844093799591064
DE,10,30,500,15030,50,31405.23273002721,3.0509955883026123
DE,10,30,500,15030,51,32715.64449517996,3.094442367553711
GWO,10,30,500,15030,42,151526.3449206525,2.819408416748047
GWO,10,30,500,15030,43,144203.374102103,2.82126522064209
GWO,10,30,500,15030,44,143972.05153801973,3.1681463718414307
GWO,10,30,500,15030,45,135353.04471500008,3.35538911819458
GWO,10,30,500,15030,46,168420.52209383884,4.576165437698364
GWO,10,30,500,15030,47,184387.08389490977,4.428339958190918
GWO,10,30,500,15030,48,88889.53267985219,3.2183749675750732
GWO,10,30,500,15030,49,279182.8403105085,2.9556589126586914
GWO,10,30,500,15030,50,109001.1228095899,2.733120918273926
GWO,10,30,500,15030,51,113779.65477229746,2.7476632595062256
HHO,10,30,500,15030,42,92495.12138351158,3.7963919639587402
HHO,10,30,500,15030,43,54741.67388832844,3.859755039215088
HHO,10,30,500,15030,44,50683.14875621714,5.047530651092529
HHO,10,30,500,15030,45,62668.7553722721,5.1894543170928955
HHO,10,30,500,15030,46,179149.74566078163,5.108522176742554
HHO,10,30,500,15030,47,109843.8015650441,4.764204978942871
HHO,10,30,500,15030,48,41775.31851834248,3.800027370452881
HHO,10,30,500,15030,49,140971.33177791565,3.7626190185546875
HHO,10,30,500,15030,50,70375.94880100679,3.7785418033599854
HHO,10,30,500,15030,51,155107.3833923433,3.662121057510376
MPA,10,30,500,15030,42,82939121.76038654,3.02455735206604
MPA,10,30,500,15030,43,36556507.46988464,2.712287425994873
MPA,10,30,500,15030,44,15237204.304199815,3.4216294288635254
MPA,10,30,500,15030,45,41030680.38240581,3.357694149017334
MPA,10,30,500,15030,46,34421384.38715374,2.623810291290283
MPA,10,30,500,15030,47,45311007.32875762,2.4415178298950195
MPA,10,30,500,15030,48,28926114.759501483,2.1106064319610596
MPA,10,30,500,15030,49,79477223.72233033,2.1396803855895996
MPA,10,30,500,15030,50,20401506.858776685,2.0739388465881348
MPA,10,30,500,15030,51,55395632.20060556,2.1077067852020264
PSO,10,30,500,15030,42,58378.11965551075,1.5304789543151855
PSO,10,30,500,15030,43,18896.16950444723,1.5737569332122803
PSO,10,30,500,15030,44,95608.5685126645,1.7346141338348389
PSO,10,30,500,15030,45,140137.54261114055,1.6677041053771973
PSO,10,30,500,15030,46,10863.057944205797,1.7154419422149658
PSO,10,30,500,15030,47,187359.03890377848,1.935274600982666
PSO,10,30,500,15030,48,49831.39762241271,2.4573264122009277
PSO,10,30,500,15030,49,40005.72587694991,2.285968780517578
PSO,10,30,500,15030,50,40468.55684296723,2.5542025566101074
PSO,10,30,500,15030,51,105052.04416036277,2.3610095977783203
QSO-time,21,30,500,15030,42,2241.6296456315713,5.7230846881866455
QSO-time,21,30,500,15030,43,2215.735520070279,5.7091591358184814
QSO-time,21,30,500,15030,44,2380.3845658825676,5.272561073303223
QSO-time,21,30,500,15030,45,1919.8100251892392,5.378530740737915
QSO-time,21,30,500,15030,46,2098.664641357948,7.803589582443237
QSO-time,21,30,500,15030,47,2022.415865554923,7.841459274291992
QSO-time,21,30,500,15030,48,2222.969052951823,5.33011531829834
QSO-time,21,30,500,15030,49,2232.8319704096507,5.406348705291748
QSO-time,21,30,500,15030,50,2250.7429997109125,5.641302585601807
QSO-time,21,30,500,15030,51,2193.7681559186562,5.547321796417236
QSO-stagnation,21,30,500,15030,42,2559.9121789681367,7.467657804489136
QSO-stagnation,21,30,500,15030,43,2751.8120767715363,7.319260835647583
QSO-stagnation,21,30,500,15030,44,4100.2524391410225,5.460440635681152
QSO-stagnation,21,30,500,15030,45,3017.9270360495457,5.573489427566528
QSO-stagnation,21,30,500,15030,46,2391.7560931901976,6.994267702102661
QSO-stagnation,21,30,500,15030,47,2364.0252553082564,7.302388668060303
QSO-stagnation,21,30,500,15030,48,3208.6577823006883,5.932868480682373
QSO-stagnation,21,30,500,15030,49,2674.8634861569562,5.919574022293091
QSO-stagnation,21,30,500,15030,50,2420.3858869819414,5.184659242630005
QSO-stagnation,21,30,500,15030,51,2379.8658627917957,5.280076026916504
QSO-diversity,21,30,500,15030,42,2159.4626129031835,7.858611106872559
QSO-diversity,21,30,500,15030,43,2053.004975474541,7.634401559829712
QSO-diversity,21,30,500,15030,44,1098.0822568260485,5.442596912384033
QSO-diversity,21,30,500,15030,45,3611.7873157509757,5.425891160964966
QSO-diversity,21,30,500,15030,46,3764.5615195044966,5.289703845977783
QSO-diversity,21,30,500,15030,47,4611.006865737204,5.2470972537994385
QSO-diversity,21,30,500,15030,48,2711.8942601710405,7.581536769866943
QSO-diversity,21,30,500,15030,49,3211.753084995228,7.2248852252960205
QSO-diversity,21,30,500,15030,50,4032.9837088381337,5.372242450714111
QSO-diversity,21,30,500,15030,51,2721.162900108704,5.403440713882446
QSO-clip,21,30,500,15030,42,2189.17968704887,5.953670978546143
QSO-clip,21,30,500,15030,43,2037.5300896481551,6.322630405426025
QSO-clip,21,30,500,15030,44,2182.6925253196255,7.013160228729248
QSO-clip,21,30,500,15030,45,1693.460435998737,6.718923568725586
QSO-clip,21,30,500,15030,46,2250.522093575598,5.487396001815796
QSO-clip,21,30,500,15030,47,2179.0123345201696,5.4431984424591064
QSO-clip,21,30,500,15030,48,912.8554947323892,7.096112251281738
QSO-clip,21,30,500,15030,49,1446.990733704304,7.168276786804199
QSO-clip,21,30,500,15030,50,2211.321529470524,5.760632514953613
QSO-clip,21,30,500,15030,51,1760.7465002956596,5.755864858627319
DE,21,30,500,15030,42,2189.68991323108,7.248735666275024
DE,21,30,500,15030,43,2218.6118457181256,7.102010488510132
DE,21,30,500,15030,44,2199.984567643889,9.00317645072937
DE,21,30,500,15030,45,2207.075660649853,8.50022840499878
DE,21,30,500,15030,46,2189.8547891082508,6.691890001296997
DE,21,30,500,15030,47,2213.257844007321,6.805870532989502
DE,21,30,500,15030,48,2197.9826859795517,9.356768608093262
DE,21,30,500,15030,49,2233.5412259045047,9.312526941299438
DE,21,30,500,15030,50,2198.449415335344,7.112919092178345
DE,21,30,500,15030,51,2142.922430712209,7.205821990966797
GWO,21,30,500,15030,42,2172.490877599215,8.535545587539673
GWO,21,30,500,15030,43,2228.7844083177374,8.611790895462036
GWO,21,30,500,15030,44,2336.688456760324,6.088638782501221
GWO,21,30,500,15030,45,2211.4859363704054,6.122371435165405
GWO,21,30,500,15030,46,2320.3938478469054,8.793584823608398
GWO,21,30,500,15030,47,2214.082292556576,8.70263671875
GWO,21,30,500,15030,48,2240.2653367842527,6.452755928039551
GWO,21,30,500,15030,49,2243.0819552918815,6.19088888168335
GWO,21,30,500,15030,50,2213.202499698546,7.029879570007324
GWO,21,30,500,15030,51,1917.0717064613054,7.014767169952393
HHO,21,30,500,15030,42,2011.1819306193372,11.470475673675537
HHO,21,30,500,15030,43,2197.1954616621083,11.412225484848022
HHO,21,30,500,15030,44,1263.3436696786864,12.661083936691284
HHO,21,30,500,15030,45,969.614385585252,12.430565118789673
HHO,21,30,500,15030,46,2271.5817491941143,12.334161043167114
HHO,21,30,500,15030,47,417.6586313988814,11.90801739692688
HHO,21,30,500,15030,48,626.2817440703636,10.446403741836548
HHO,21,30,500,15030,49,-271.3813991429306,10.256298065185547
HHO,21,30,500,15030,50,1374.41974954652,13.03899598121643
HHO,21,30,500,15030,51,-2556.6448362637057,13.11391544342041
MPA,21,30,500,15030,42,3838.28740531339,6.483082294464111
MPA,21,30,500,15030,43,3228.421643450528,6.608137130737305
MPA,21,30,500,15030,44,2716.3580987626797,7.4954612255096436
MPA,21,30,500,15030,45,2959.9475633711145,7.217560052871704
MPA,21,30,500,15030,46,2901.379754247184,5.85961651802063
MPA,21,30,500,15030,47,3427.2204124943346,5.775115728378296
MPA,21,30,500,15030,48,3463.509639219883,8.167523622512817
MPA,21,30,500,15030,49,2999.8781737118647,8.34783148765564
MPA,21,30,500,15030,50,2800.4996865452613,5.727754831314087
MPA,21,30,500,15030,51,2991.504422901089,5.758828401565552
PSO,21,30,500,15030,42,2158.3021130637985,6.127156734466553
PSO,21,30,500,15030,43,1754.993554759998,6.466838121414185
PSO,21,30,500,15030,44,1186.359156488364,6.602292537689209
PSO,21,30,500,15030,45,2257.6574153252914,6.436834096908569
PSO,21,30,500,15030,46,1937.464950619405,5.0966808795928955
PSO,21,30,500,15030,47,1077.7816734950597,5.160611867904663
PSO,21,30,500,15030,48,2222.986552212521,6.499999046325684
PSO,21,30,500,15030,49,-38.92902597901684,6.265634059906006
PSO,21,30,500,15030,50,2218.239306926305,5.6005401611328125
PSO,21,30,500,15030,51,2025.1882357252853,5.4980432987213135
QSO-time,23,30,500,15030,42,2573.8231359246847,4.362351894378662
QSO-time,23,30,500,15030,43,2547.353733198922,4.423644065856934
QSO-time,23,30,500,15030,44,2568.9841526880073,5.280051231384277
QSO-time,23,30,500,15030,45,2594.9234161751,5.627139091491699
QSO-time,23,30,500,15030,46,2558.660279216768,5.529581785202026
QSO-time,23,30,500,15030,47,2558.7298381784512,5.30299186706543
QSO-time,23,30,500,15030,48,2577.452434980025,4.413329839706421
QSO-time,23,30,500,15030,49,2557.7944697614826,4.34572172164917
QSO-time,23,30,500,15030,50,2995.5359258693243,4.844299554824829
QSO-time,23,30,500,15030,51,2587.273121581647,4.973012685775757
QSO-stagnation,23,30,500,15030,42,2804.169880571672,7.0960853099823
QSO-stagnation,23,30,500,15030,43,2774.453805469546,6.764528274536133
QSO-stagnation,23,30,500,15030,44,2758.829448512207,4.998111724853516
QSO-stagnation,23,30,500,15030,45,2736.259387663985,4.933946371078491
QSO-stagnation,23,30,500,15030,46,2760.2785168870114,5.470843553543091
QSO-stagnation,23,30,500,15030,47,2749.6679752212276,5.776090860366821
QSO-stagnation,23,30,500,15030,48,2733.4712526778176,6.558360576629639
QSO-stagnation,23,30,500,15030,49,2693.317302716312,6.244012832641602
QSO-stagnation,23,30,500,15030,50,3007.664246543628,4.821889638900757
QSO-stagnation,23,30,500,15030,51,2477.168996393308,4.972085475921631
QSO-diversity,23,30,500,15030,42,26695.8040553235,5.223001003265381
QSO-diversity,23,30,500,15030,43,13423.404875977421,5.960188388824463
QSO-diversity,23,30,500,15030,44,15630.460446635978,6.113508224487305
QSO-diversity,23,30,500,15030,45,17740.56416623971,6.023565292358398
QSO-diversity,23,30,500,15030,46,20354.89453054758,4.719563722610474
QSO-diversity,23,30,500,15030,47,23214.73384564893,4.681427478790283
QSO-diversity,23,30,500,15030,48,11990.728299489128,5.443077564239502
QSO-diversity,23,30,500,15030,49,16506.883382892094,5.809417963027954
QSO-diversity,23,30,500,15030,50,24601.763680289503,6.278764963150024
QSO-diversity,23,30,500,15030,51,20253.81391194516,5.695085287094116
QSO-clip,23,30,500,15030,42,2989.1253131732296,4.339263677597046
QSO-clip,23,30,500,15030,43,2554.0064581919773,4.332589387893677
QSO-clip,23,30,500,15030,44,2578.245058242953,4.784202337265015
QSO-clip,23,30,500,15030,45,2543.831804739301,4.992845058441162
QSO-clip,23,30,500,15030,46,2541.2552194512214,5.812235116958618
QSO-clip,23,30,500,15030,47,2610.3954159617683,6.0915868282318115
QSO-clip,23,30,500,15030,48,2566.0776410016592,4.414083003997803
QSO-clip,23,30,500,15030,49,2545.58178737737,4.440354585647583
QSO-clip,23,30,500,15030,50,2553.148738506982,4.370973348617554
QSO-clip,23,30,500,15030,51,3139.2377376489617,4.4159934520721436
DE,23,30,500,15030,42,4586.6635598898065,8.167287111282349
DE,23,30,500,15030,43,3534.3522539649034,8.338356733322144
DE,23,30,500,15030,44,2502.776938423826,5.936644792556763
DE,23,30,500,15030,45,2516.2760685072144,5.9811341762542725
DE,23,30,500,15030,46,2852.4811904443404,7.132559299468994
DE,23,30,500,15030,47,3191.2029604649865,7.881572723388672
DE,23,30,500,15030,48,5390.584968353936,6.767475128173828
DE,23,30,500,15030,49,2540.6591166719377,5.3507044315338135
DE,23,30,500,15030,50,2721.57033236335,6.347465515136719
DE,23,30,500,15030,51,2506.118206573002,6.265035629272461
GWO,23,30,500,15030,42,3365.115580642126,7.495994567871094
GWO,23,30,500,15030,43,4924.221145495556,7.071548938751221
GWO,23,30,500,15030,44,7274.122838082343,5.53310227394104
GWO,23,30,500,15030,45,10596.832727958626,5.502334117889404
GWO,23,30,500,15030,46,5309.301719751687,6.602754831314087
GWO,23,30,500,15030,47,8320.27872138836,6.813578367233276
GWO,23,30,500,15030,48,5681.603661084435,6.689239501953125
GWO,23,30,500,15030,49,4606.887170278635,6.255436897277832
GWO,23,30,500,15030,50,3017.771814509935,5.461900949478149
GWO,23,30,500,15030,51,12654.372258883368,5.466199159622192
HHO,23,30,500,15030,42,2986.118282354605,11.044268608093262
HHO,23,30,500,15030,43,2939.552951546152,10.830954551696777
HHO,23,30,500,15030,44,2963.6705623706425,9.652587652206421
HHO,23,30,500,15030,45,2937.178339011556,10.000562906265259
HHO,23,30,500,15030,46,3048.974417311581,10.424934387207031
HHO,23,30,500,15030,47,2963.1080937188417,10.095098972320557
HHO,23,30,500,15030,48,3009.898205064609,11.844823122024536
HHO,23,30,500,15030,49,3142.7302002516603,12.045664310455322
HHO,23,30,500,15030,50,3054.6429516238522,10.793784618377686
HHO,23,30,500,15030,51,3079.155895128035,10.414024591445923
MPA,23,30,500,15030,42,34185.82386137934,6.07510232925415
MPA,23,30,500,15030,43,32982.24500473513,5.79954719543457
MPA,23,30,500,15030,44,26804.213928408146,4.6937456130981445
MPA,23,30,500,15030,45,32154.410631400286,4.819772243499756
MPA,23,30,500,15030,46,23719.159326061217,6.014362335205078
MPA,23,30,500,15030,47,32740.74296241668,5.641730546951294
MPA,23,30,500,15030,48,33783.387233639995,5.836673736572266
MPA,23,30,500,15030,49,30267.29643630117,5.711992979049683
MPA,23,30,500,15030,50,24588.452913667512,4.733224630355835
MPA,23,30,500,15030,51,31664.12352271288,4.764297008514404
PSO,23,30,500,15030,42,3484.7625942540476,5.038520336151123
PSO,23,30,500,15030,43,6473.869643988406,4.946580648422241
PSO,23,30,500,15030,44,6263.460967885067,5.608792066574097
PSO,23,30,500,15030,45,2503.4716915807508,5.560067415237427
PSO,23,30,500,15030,46,5428.960717792203,4.209429979324341
PSO,23,30,500,15030,47,7858.17167593163,4.271594524383545
PSO,23,30,500,15030,48,8039.9123253529,4.461380481719971
PSO,23,30,500,15030,49,6847.503382309668,4.516599655151367
PSO,23,30,500,15030,50,9689.12879577733,6.363455057144165
PSO,23,30,500,15030,51,4415.896871037063,6.284818172454834
QSO-time,25,30,500,15030,42,3335.427041804874,23.759249210357666
QSO-time,25,30,500,15030,43,3794.8533305141664,23.68481183052063
QSO-time,25,30,500,15030,44,3467.283709945016,24.90082550048828
QSO-time,25,30,500,15030,45,3382.5742351891713,25.692306518554688
QSO-time,25,30,500,15030,46,3422.830195374354,23.346014261245728
QSO-time,25,30,500,15030,47,3355.6594333904814,23.738037586212158
QSO-time,25,30,500,15030,48,3457.000193401246,25.26740789413452
QSO-time,25,30,500,15030,49,3409.981948785627,26.198343515396118
QSO-time,25,30,500,15030,50,3463.3260139352906,25.534590005874634
QSO-time,25,30,500,15030,51,3457.687612392988,24.672085285186768
QSO-stagnation,25,30,500,15030,42,3540.249004272494,27.833573818206787
QSO-stagnation,25,30,500,15030,43,3397.3045679667057,27.025115728378296
QSO-stagnation,25,30,500,15030,44,3410.3135598633244,23.5820574760437
QSO-stagnation,25,30,500,15030,45,3318.2420695730834,23.76630473136902
QSO-stagnation,25,30,500,15030,46,3487.7661856410778,26.220076084136963
QSO-stagnation,25,30,500,15030,47,3322.101447951811,26.223841190338135
QSO-stagnation,25,30,500,15030,48,3442.639251712838,24.030725955963135
QSO-stagnation,25,30,500,15030,49,3424.7304880768197,23.954195737838745
QSO-stagnation,25,30,500,15030,50,3403.032712824054,25.835749626159668
QSO-stagnation,25,30,500,15030,51,3415.2127510686287,25.532766103744507
QSO-diversity,25,30,500,15030,42,6916.306430612013,24.287487030029297
QSO-diversity,25,30,500,15030,43,4955.311477344332,24.108853578567505
QSO-diversity,25,30,500,15030,44,6495.462067438673,24.207416772842407
QSO-diversity,25,30,500,15030,45,5076.309957923874,24.695448398590088
QSO-diversity,25,30,500,15030,46,5534.438874352992,24.63051962852478
QSO-diversity,25,30,500,15030,47,8619.16234152184,24.22355055809021
QSO-diversity,25,30,500,15030,48,6164.095974102256,23.21226954460144
QSO-diversity,25,30,500,15030,49,8192.516254923343,23.30303931236267
QSO-diversity,25,30,500,15030,50,11937.93388357919,26.326473474502563
QSO-diversity,25,30,500,15030,51,7462.404481719353,26.865899801254272
QSO-clip,25,30,500,15030,42,3699.9055368546174,24.121497869491577
QSO-clip,25,30,500,15030,43,3914.392168273782,24.866215229034424
QSO-clip,25,30,500,15030,44,3401.7278377347448,25.953168630599976
QSO-clip,25,30,500,15030,45,3436.8151605055436,25.364001274108887
QSO-clip,25,30,500,15030,46,3422.9351641143403,23.87793779373169
QSO-clip,25,30,500,15030,47,3428.8632327340147,25.256726026535034
QSO-clip,25,30,500,15030,48,3330.75982740458,26.650223970413208
QSO-clip,25,30,500,15030,49,3432.3256901576788,25.636948347091675
QSO-clip,25,30,500,15030,50,3360.981931922602,25.796133995056152
QSO-clip,25,30,500,15030,51,3392.784689186572,26.564999103546143
DE,25,30,500,15030,42,3334.947211376468,27.283507108688354
DE,25,30,500,15030,43,3326.6380860384475,25.940938472747803
DE,25,30,500,15030,44,3359.007660837879,27.166650533676147
DE,25,30,500,15030,45,3344.4587900820793,26.885628938674927
DE,25,30,500,15030,46,3380.424106785386,25.359054803848267
DE,25,30,500,15030,47,3375.7513958978434,24.685319423675537
DE,25,30,500,15030,48,3328.9371526780274,26.701727628707886
DE,25,30,500,15030,49,3335.961476131109,27.066552877426147
DE,25,30,500,15030,50,3384.281006722908,28.83603072166443
DE,25,30,500,15030,51,3375.6393158471883,28.052078247070312
GWO,25,30,500,15030,42,3367.804629389721,25.57110095024109
GWO,25,30,500,15030,43,3545.7603666042096,26.13806176185608
GWO,25,30,500,15030,44,3488.336601070348,27.97011685371399
GWO,25,30,500,15030,45,3376.498881841607,27.52102041244507
GWO,25,30,500,15030,46,3566.263448666407,25.40436887741089
GWO,25,30,500,15030,47,3509.4611240288414,25.91074824333191
GWO,25,30,500,15030,48,3393.135636466291,27.279501914978027
GWO,25,30,500,15030,49,3379.099542170996,26.913897037506104
GWO,25,30,500,15030,50,3462.5571843468188,26.6635262966156
GWO,25,30,500,15030,51,3502.8709192399688,26.258052587509155
HHO,25,30,500,15030,42,3508.908040789035,45.50961661338806
HHO,25,30,500,15030,43,3570.7413663001907,44.579021692276
HHO,25,30,500,15030,44,4004.251818719301,48.68240714073181
HHO,25,30,500,15030,45,3570.2729220184287,49.41051244735718
HHO,25,30,500,15030,46,4155.965685669276,47.135493755340576
HHO,25,30,500,15030,47,3764.312159497342,47.10028004646301
HHO,25,30,500,15030,48,3615.949281238787,48.00782871246338
HHO,25,30,500,15030,49,3616.669527322535,47.690253019332886
HHO,25,30,500,15030,50,3585.8376454512013,48.636213541030884
HHO,25,30,500,15030,51,3487.7746359230528,46.648595094680786
MPA,25,30,500,15030,42,5025.799246733082,25.12305521965027
MPA,25,30,500,15030,43,9079.51117373916,24.943620920181274
MPA,25,30,500,15030,44,4559.510331605594,25.510322332382202
MPA,25,30,500,15030,45,4576.651338473937,25.88149380683899
MPA,25,30,500,15030,46,4108.68222301616,24.090006113052368
MPA,25,30,500,15030,47,4960.844165872368,24.471668481826782
MPA,25,30,500,15030,48,10093.503556214122,24.372278928756714
MPA,25,30,500,15030,49,4333.398663839604,25.676289319992065
MPA,25,30,500,15030,50,4220.993047531547,24.51667356491089
MPA,25,30,500,15030,51,3911.5595623352237,23.43528985977173
PSO,25,30,500,15030,42,3511.943701040153,23.199901819229126
PSO,25,30,500,15030,43,3352.9411329575923,24.53337597846985
PSO,25,30,500,15030,44,3593.7913243822386,25.00301766395569
PSO,25,30,500,15030,45,3651.367873093111,23.83186960220337
PSO,25,30,500,15030,46,3406.6260904391565,22.93162250518799
PSO,25,30,500,15030,47,3679.8901324874246,23.823132276535034
PSO,25,30,500,15030,48,3608.2456015529797,25.043200254440308
PSO,25,30,500,15030,49,3620.284741497774,24.681291580200195
PSO,25,30,500,15030,50,3433.7771070070057,23.169214725494385
PSO,25,30,500,15030,51,3390.5757279138124,22.879916429519653
QSO-time,1,50,500,15030,42,122073715.44210424,0.6501259803771973
QSO-time,1,50,500,15030,43,118322161.150425,0.6444923877716064
QSO-time,1,50,500,15030,44,170260815.69532278,0.7738916873931885
QSO-time,1,50,500,15030,45,92915024.13838854,1.2373921871185303
QSO-time,1,50,500,15030,46,98520423.72459206,0.869767427444458
QSO-time,1,50,500,15030,47,101076993.70786893,1.0107581615447998
QSO-time,1,50,500,15030,48,60183453.47200663,1.3185715675354004
QSO-time,1,50,500,15030,49,53545312.966767415,0.9919004440307617
QSO-time,1,50,500,15030,50,43383202.4609521,1.046861171722412
QSO-time,1,50,500,15030,51,62081800.94925331,0.9860830307006836
QSO-stagnation,1,50,500,15030,42,27383406.96951885,1.1437766551971436
QSO-stagnation,1,50,500,15030,43,26544594.914223537,0.9487349987030029
QSO-stagnation,1,50,500,15030,44,20189271.612033624,1.0097987651824951
QSO-stagnation,1,50,500,15030,45,16547019.904111525,1.012256383895874
QSO-stagnation,1,50,500,15030,46,21055521.066037465,0.9723052978515625
QSO-stagnation,1,50,500,15030,47,23488574.33451815,0.9058539867401123
QSO-stagnation,1,50,500,15030,48,26738945.632863116,0.6337461471557617
QSO-stagnation,1,50,500,15030,49,20221916.09818711,0.6363716125488281
QSO-stagnation,1,50,500,15030,50,22024138.20264519,0.6357250213623047
QSO-stagnation,1,50,500,15030,51,23505317.93473496,0.7032864093780518
QSO-diversity,1,50,500,15030,42,79223996835.92943,0.5959341526031494
QSO-diversity,1,50,500,15030,43,159958061463.317,0.6110978126525879
QSO-diversity,1,50,500,15030,44,78849383604.38483,0.6294169425964355
QSO-diversity,1,50,500,15030,45,79596327095.09444,0.6059532165527344
QSO-diversity,1,50,500,15030,46,93490741176.56325,0.6431896686553955
QSO-diversity,1,50,500,15030,47,109738453486.19946,0.5992832183837891
QSO-diversity,1,50,500,15030,48,52245793522.49369,0.6316790580749512
QSO-diversity,1,50,500,15030,49,101651551742.67941,0.6123974323272705
QSO-diversity,1,50,500,15030,50,31724634202.235744,0.6501052379608154
QSO-diversity,1,50,500,15030,51,74722813444.98793,0.6143159866333008
QSO-clip,1,50,500,15030,42,131575039.29706678,0.5438807010650635
QSO-clip,1,50,500,15030,43,200850661.5868984,0.5579493045806885
QSO-clip,1,50,500,15030,44,29862164.055047754,0.5801005363464355
QSO-clip,1,50,500,15030,45,86513463.92777082,0.5984232425689697
QSO-clip,1,50,500,15030,46,64496692.51380901,0.5265982151031494
QSO-clip,1,50,500,15030,47,89735206.173885,0.5319702625274658
QSO-clip,1,50,500,15030,48,32493918.731077857,0.5859334468841553
QSO-clip,1,50,500,15030,49,144726590.66307268,0.5957064628601074
QSO-clip,1,50,500,15030,50,38935834.95176124,0.555870771408081
QSO-clip,1,50,500,15030,51,267752993.15521953,0.5761325359344482
DE,1,50,500,15030,42,136492183.21160516,2.022447347640991
DE,1,50,500,15030,43,73936874.38729051,2.02467679977417
DE,1,50,500,15030,44,113243726.84395935,2.6075313091278076
DE,1,50,500,15030,45,68979071.69932444,2.965710401535034
DE,1,50,500,15030,46,2432864249.494823,3.460723876953125
DE,1,50,500,15030,47,275104687.17592996,3.4101765155792236
DE,1,50,500,15030,48,182656465.0124272,2.9852561950683594
DE,1,50,500,15030,49,229140977.91501245,2.8810150623321533
DE,1,50,500,15030,50,418854944.33404,2.124178171157837
DE,1,50,500,15030,51,269528964.38992894,2.0765111446380615
GWO,1,50,500,15030,42,25399695999.328262,1.9004106521606445
GWO,1,50,500,15030,43,12553183430.506773,1.924243688583374
GWO,1,50,500,15030,44,11845314948.785074,1.9236218929290771
GWO,1,50,500,15030,45,6928696633.938238,1.8958353996276855
GWO,1,50,500,15030,46,10701735190.058386,1.9250049591064453
GWO,1,50,500,15030,47,20871275997.14188,1.9376134872436523
GWO,1,50,500,15030,48,12510210622.805948,2.5752718448638916
GWO,1,50,500,15030,49,6184229454.872452,2.734408378601074
GWO,1,50,500,15030,50,4848237432.55864,3.361159324645996
GWO,1,50,500,15030,51,12536292148.100742,3.17606258392334
HHO,1,50,500,15030,42,252880387.07390076,2.3588461875915527
HHO,1,50,500,15030,43,230842421.41925862,2.427150011062622
HHO,1,50,500,15030,44,243574679.9880094,2.0581629276275635
HHO,1,50,500,15030,45,479125972.1246072,2.085864305496216
HHO,1,50,500,15030,46,484750369.03065133,1.8110272884368896
HHO,1,50,500,15030,47,281105778.84592783,1.8763439655303955
HHO,1,50,500,15030,48,375215586.3902604,1.8449225425720215
HHO,1,50,500,15030,49,232628867.41709426,1.8274528980255127
HHO,1,50,500,15030,50,231507050.24574733,1.847041130065918
HHO,1,50,500,15030,51,377933664.40213305,2.0913665294647217
MPA,1,50,500,15030,42,102570674522.84642,1.1887104511260986
MPA,1,50,500,15030,43,96549042871.02588,1.2971374988555908
MPA,1,50,500,15030,44,94641592097.92473,1.972313404083252
MPA,1,50,500,15030,45,91734717073.97316,1.9613404273986816
MPA,1,50,500,15030,46,97802430216.08229,1.9190196990966797
MPA,1,50,500,15030,47,98872097954.9121,1.749854564666748
MPA,1,50,500,15030,48,96150372330.35173,1.57606840133667
MPA,1,50,500,15030,49,96466574161.45647,1.979435682296753
MPA,1,50,500,15030,50,94157958734.80165,1.464834451675415
MPA,1,50,500,15030,51,102624981783.79454,1.2592830657958984
PSO,1,50,500,15030,42,15623009227.769407,0.4166855812072754
PSO,1,50,500,15030,43,4914844165.007118,0.43328237533569336
PSO,1,50,500,15030,44,3945934206.7103677,0.47421693801879883
PSO,1,50,500,15030,45,4253191556.736016,0.493511438369751
PSO,1,50,500,15030,46,1417423329.350048,0.4808666706085205
PSO,1,50,500,15030,47,14004489570.129566,0.469806432723999
PSO,1,50,500,15030,48,9751212370.664724,0.4748542308807373
PSO,1,50,500,15030,49,8158459251.850363,0.5290255546569824
PSO,1,50,500,15030,50,1635219036.305983,0.48888707160949707
PSO,1,50,500,15030,51,2042483483.5292683,0.4512350559234619
QSO-time,3,50,500,15030,42,658.5013895068909,1.0192346572875977
QSO-time,3,50,500,15030,43,639.804090805806,1.0715272426605225
QSO-time,3,50,500,15030,44,530.9377063932299,1.035982608795166
QSO-time,3,50,500,15030,45,694.7302516872844,1.0361213684082031
QSO-time,3,50,500,15030,46,714.0497219048561,1.0390808582305908
QSO-time,3,50,500,15030,47,691.6650691271277,1.0250122547149658
QSO-time,3,50,500,15030,48,523.8029132548533,1.0017740726470947
QSO-time,3,50,500,15030,49,566.8929785502928,0.9791789054870605
QSO-time,3,50,500,15030,50,592.5967260284906,0.9759674072265625
QSO-time,3,50,500,15030,51,537.0412611081703,0.9957118034362793
QSO-stagnation,3,50,500,15030,42,511.56399687946737,1.0144243240356445
QSO-stagnation,3,50,500,15030,43,481.17366411516673,0.9886794090270996
QSO-stagnation,3,50,500,15030,44,452.65362620911617,1.0834369659423828
QSO-stagnation,3,50,500,15030,45,651.8863932384252,1.1840274333953857
QSO-stagnation,3,50,500,15030,46,568.3127265005033,1.6082184314727783
QSO-stagnation,3,50,500,15030,47,625.9756888298687,1.7472641468048096
QSO-stagnation,3,50,500,15030,48,581.570935912265,1.6071126461029053
QSO-stagnation,3,50,500,15030,49,532.8844811929484,1.3587558269500732
QSO-stagnation,3,50,500,15030,50,499.2176935111959,2.0906407833099365
QSO-stagnation,3,50,500,15030,51,577.7254907408475,1.8464553356170654
QSO-diversity,3,50,500,15030,42,13206.048640670891,1.695652961730957
QSO-diversity,3,50,500,15030,43,17322.099320407608,1.3971893787384033
QSO-diversity,3,50,500,15030,44,13234.796457984032,1.2052502632141113
QSO-diversity,3,50,500,15030,45,14802.988132678207,1.1509904861450195
QSO-diversity,3,50,500,15030,46,27542.493002470495,0.972465991973877
QSO-diversity,3,50,500,15030,47,31455.850609644076,1.027674913406372
QSO-diversity,3,50,500,15030,48,5517.723546218771,0.9831733703613281
QSO-diversity,3,50,500,15030,49,10885.67988035958,1.0440521240234375
QSO-diversity,3,50,500,15030,50,7277.575812785533,1.0088763236999512
QSO-diversity,3,50,500,15030,51,7227.246764632689,1.003915786743164
QSO-clip,3,50,500,15030,42,583.7220525188983,0.9262309074401855
QSO-clip,3,50,500,15030,43,565.6603924033825,0.9633591175079346
QSO-clip,3,50,500,15030,44,500.2025550178638,1.0453929901123047
QSO-clip,3,50,500,15030,45,690.702065769365,1.016948938369751
QSO-clip,3,50,500,15030,46,630.2173849023729,0.9227747917175293
QSO-clip,3,50,500,15030,47,613.26612182492,0.9226391315460205
QSO-clip,3,50,500,15030,48,589.8011714983495,0.9894800186157227
QSO-clip,3,50,500,15030,49,515.68378021803,0.9545409679412842
QSO-clip,3,50,500,15030,50,506.14889539806154,0.9235734939575195
QSO-clip,3,50,500,15030,51,562.3517762013657,0.973308801651001
DE,3,50,500,15030,42,1023.7021216450524,2.7913663387298584
DE,3,50,500,15030,43,548.3208544865008,2.899726390838623
DE,3,50,500,15030,44,575.8465219754536,3.8153250217437744
DE,3,50,500,15030,45,520.2968615288776,3.961707353591919
DE,3,50,500,15030,46,635.9806286099836,3.1860837936401367
DE,3,50,500,15030,47,487.43124441499265,2.9120469093322754
DE,3,50,500,15030,48,534.8883489133236,2.257838487625122
DE,3,50,500,15030,49,658.4577337497644,2.240288019180298
DE,3,50,500,15030,50,511.5739775998901,2.243621349334717
DE,3,50,500,15030,51,522.5019350686964,2.2438833713531494
GWO,3,50,500,15030,42,1088.3511905986443,2.1836657524108887
GWO,3,50,500,15030,43,1036.517954126346,2.1601760387420654
GWO,3,50,500,15030,44,910.9280493784308,2.0887937545776367
GWO,3,50,500,15030,45,2062.0434600964963,2.1419453620910645
GWO,3,50,500,15030,46,766.5409940206099,3.216379404067993
GWO,3,50,500,15030,47,844.129700599367,3.200333595275879
GWO,3,50,500,15030,48,818.4908694417683,3.495225191116333
GWO,3,50,500,15030,49,1392.7578132931137,3.4483859539031982
GWO,3,50,500,15030,50,719.1035773533315,2.3683764934539795
GWO,3,50,500,15030,51,1151.9123990845137,2.229175090789795
HHO,3,50,500,15030,42,708.6995696104536,2.532438278198242
HHO,3,50,500,15030,43,785.5320584782065,2.523582935333252
HHO,3,50,500,15030,44,696.1092395195135,2.3627936840057373
HHO,3,50,500,15030,45,653.34128493907,2.4966139793395996
HHO,3,50,500,15030,46,717.7132670392866,2.3963234424591064
HHO,3,50,500,15030,47,888.4236005562462,2.2923812866210938
HHO,3,50,500,15030,48,649.3850228347735,3.0917437076568604
HHO,3,50,500,15030,49,614.7738415090871,3.649357795715332
HHO,3,50,500,15030,50,773.7863266060974,3.8945562839508057
HHO,3,50,500,15030,51,866.7139833107252,3.246899366378784
MPA,3,50,500,15030,42,33875.43727389687,1.6759638786315918
MPA,3,50,500,15030,43,30800.213346382,1.6539616584777832
MPA,3,50,500,15030,44,28915.825557312823,1.3905751705169678
MPA,3,50,500,15030,45,34250.27782042241,1.3766515254974365
MPA,3,50,500,15030,46,32013.382566710647,1.3893835544586182
MPA,3,50,500,15030,47,25981.346818957263,1.4184930324554443
MPA,3,50,500,15030,48,36504.41295529346,1.4809255599975586
MPA,3,50,500,15030,49,25447.708298097667,1.4037680625915527
MPA,3,50,500,15030,50,28757.25299193839,1.3728346824645996
MPA,3,50,500,15030,51,26823.672687941067,1.4242329597473145
PSO,3,50,500,15030,42,545.2289995901778,0.8148279190063477
PSO,3,50,500,15030,43,1317.9613850668838,0.791353702545166
PSO,3,50,500,15030,44,870.5894627479993,0.8048114776611328
PSO,3,50,500,15030,45,1216.862873209349,0.787621021270752
PSO,3,50,500,15030,46,10877.344327173572,0.7705368995666504
PSO,3,50,500,15030,47,725.1587390227044,0.7866184711456299
PSO,3,50,500,15030,48,846.4940354687635,0.8114583492279053
PSO,3,50,500,15030,49,756.6627427846709,0.7642319202423096
PSO,3,50,500,15030,50,662.7692198148455,0.9182097911834717
PSO,3,50,500,15030,51,1125.3432535233717,0.9860110282897949
QSO-time,4,50,500,15030,42,2064.835444162162,1.5507972240447998
QSO-time,4,50,500,15030,43,1476.9105661815772,1.3118433952331543
QSO-time,4,50,500,15030,44,1790.7802533194017,1.3185129165649414
QSO-time,4,50,500,15030,45,1505.7066935977914,1.555065631866455
QSO-time,4,50,500,15030,46,1486.4234265664745,1.6772048473358154
QSO-time,4,50,500,15030,47,1923.223883656341,1.4742274284362793
QSO-time,4,50,500,15030,48,1882.8676414018307,1.4803109169006348
QSO-time,4,50,500,15030,49,1211.3522638750678,1.212888240814209
QSO-time,4,50,500,15030,50,1587.3048027727361,1.1725351810455322
QSO-time,4,50,500,15030,51,1582.316869021328,0.9915895462036133
QSO-stagnation,4,50,500,15030,42,1330.8919770040525,0.9221181869506836
QSO-stagnation,4,50,500,15030,43,1201.3590155443962,0.9056568145751953
QSO-stagnation,4,50,500,15030,44,1389.9810779575869,0.9233911037445068
QSO-stagnation,4,50,500,15030,45,1231.19548838952,0.8996016979217529
QSO-stagnation,4,50,500,15030,46,1511.7599371188896,0.885223388671875
QSO-stagnation,4,50,500,15030,47,1805.8110160765862,0.8757574558258057
QSO-stagnation,4,50,500,15030,48,1419.2500227634487,0.8587689399719238
QSO-stagnation,4,50,500,15030,49,1407.7324007573866,0.859133243560791
QSO-stagnation,4,50,500,15030,50,1414.7063279659665,0.862994909286499
QSO-stagnation,4,50,500,15030,51,1283.7586962315245,0.8955755233764648
QSO-diversity,4,50,500,15030,42,66221.32520224067,0.8122782707214355
QSO-diversity,4,50,500,15030,43,112811.17667990575,0.8634517192840576
QSO-diversity,4,50,500,15030,44,60284.02568357597,0.8496220111846924
QSO-diversity,4,50,500,15030,45,95671.60807395309,0.808765172958374
QSO-diversity,4,50,500,15030,46,46044.21194204457,0.83158278465271
QSO-diversity,4,50,500,15030,47,75842.64862840984,0.8501687049865723
QSO-diversity,4,50,500,15030,48,58202.01289700754,0.829606294631958
QSO-diversity,4,50,500,15030,49,61350.552935905805,0.8460979461669922
QSO-diversity,4,50,500,15030,50,52917.91418740351,0.8731546401977539
QSO-diversity,4,50,500,15030,51,36616.77930464037,0.817455530166626
QSO-clip,4,50,500,15030,42,1410.3874231518723,0.7978687286376953
QSO-clip,4,50,500,15030,43,1595.9452854512206,0.784923791885376
QSO-clip,4,50,500,15030,44,1921.5584377780451,1.056492567062378
QSO-clip,4,50,500,15030,45,1943.097851877571,1.3479394912719727
QSO-clip,4,50,500,15030,46,1883.4175904415779,1.3486883640289307
QSO-clip,4,50,500,15030,47,1612.672635873265,1.5443143844604492
QSO-clip,4,50,500,15030,48,1981.2018629049885,1.052194595336914
QSO-clip,4,50,500,15030,49,1694.3244166441484,1.3309552669525146
QSO-clip,4,50,500,15030,50,1328.6083192187577,1.4229345321655273
QSO-clip,4,50,500,15030,51,1792.7760985429286,1.4657912254333496
DE,4,50,500,15030,42,1061.499761076685,2.548473358154297
DE,4,50,500,15030,43,1262.6862301566823,2.4960999488830566
DE,4,50,500,15030,44,2013.4392253485478,2.021000385284424
DE,4,50,500,15030,45,1607.3553690207614,2.102292060852051
DE,4,50,500,15030,46,1308.3880600830457,2.049237012863159
DE,4,50,500,15030,47,1641.9881284818184,2.1313023567199707
DE,4,50,500,15030,48,1810.1197163732365,2.0684518814086914
DE,4,50,500,15030,49,1274.896501215198,2.097048759460449
DE,4,50,500,15030,50,1066.6849182442436,2.056450128555298
DE,4,50,500,15030,51,1138.125671116955,2.022822618484497
GWO,4,50,500,15030,42,10722.607999488075,2.338040351867676
GWO,4,50,500,15030,43,11668.453127355257,3.0159056186676025
GWO,4,50,500,15030,44,4508.890449626856,3.023922920227051
GWO,4,50,500,15030,45,10667.307695381152,3.40118670463562
GWO,4,50,500,15030,46,9077.386965854736,2.6802947521209717
GWO,4,50,500,15030,47,17520.280558749386,2.167856454849243
GWO,4,50,500,15030,48,11649.138683497951,1.9323601722717285
GWO,4,50,500,15030,49,4962.324389597966,1.9215412139892578
GWO,4,50,500,15030,50,14757.032907698258,1.9394774436950684
GWO,4,50,500,15030,51,7700.78297681217,1.9105017185211182
HHO,4,50,500,15030,42,2266.938596443454,2.036529302597046
HHO,4,50,500,15030,43,1933.1865590262141,2.102344036102295
HHO,4,50,500,15030,44,2788.930669110296,2.016090154647827
HHO,4,50,500,15030,45,2854.902234132577,2.073578119277954
HHO,4,50,500,15030,46,1757.5995048251532,2.118114709854126
HHO,4,50,500,15030,47,2375.4862225463257,2.5061206817626953
HHO,4,50,500,15030,48,2319.3525645796835,3.6014950275421143
HHO,4,50,500,15030,49,2254.6199769621303,3.1858608722686768
HHO,4,50,500,15030,50,2018.9682994478317,3.29282546043396
HHO,4,50,500,15030,51,2220.5148714799097,2.779548406600952
MPA,4,50,500,15030,42,113489.7035560746,1.264449119567871
MPA,4,50,500,15030,43,103326.09956398509,0.7462093830108643
MPA,4,50,500,15030,44,110590.17426917618,1.2719085216522217
MPA,4,50,500,15030,45,115829.31000447333,1.2174010276794434
MPA,4,50,500,15030,46,108634.46185293727,1.3267149925231934
MPA,4,50,500,15030,47,108153.59884691729,1.3048694133758545
MPA,4,50,500,15030,48,111582.0084483676,1.3932299613952637
MPA,4,50,500,15030,49,105530.06277327034,1.430887222290039
MPA,4,50,500,15030,50,113955.95065053276,1.341778039932251
MPA,4,50,500,15030,51,107792.74590990874,1.3907279968261719
PSO,4,50,500,15030,42,3045.333462442398,0.619091272354126
PSO,4,50,500,15030,43,2522.3092130627538,0.6180784702301025
PSO,4,50,500,15030,44,2226.4691474688816,0.6603741645812988
PSO,4,50,500,15030,45,12411.845939734956,0.6968405246734619
PSO,4,50,500,15030,46,19595.921021898153,0.6334140300750732
PSO,4,50,500,15030,47,5809.282860855246,0.6753854751586914
PSO,4,50,500,15030,48,2170.322423193484,0.6442451477050781
PSO,4,50,500,15030,49,4482.102891276001,0.6236095428466797
PSO,4,50,500,15030,50,12075.380346414437,0.8428146839141846
PSO,4,50,500,15030,51,20089.897659447724,0.8565366268157959
QSO-time,5,50,500,15030,42,500.00096651144,8.02519178390503
QSO-time,5,50,500,15030,43,500.0012387716381,8.209257364273071
QSO-time,5,50,500,15030,44,500.000568521976,5.4983274936676025
QSO-time,5,50,500,15030,45,500.00073027931245,5.68230128288269
QSO-time,5,50,500,15030,46,500.00092844718836,7.976848363876343
QSO-time,5,50,500,15030,47,500.0003180503483,8.349851608276367
QSO-time,5,50,500,15030,48,500.00048772186585,6.06123685836792
QSO-time,5,50,500,15030,49,500.00133553548153,5.6680402755737305
QSO-time,5,50,500,15030,50,500.00144659528485,5.606726408004761
QSO-time,5,50,500,15030,51,500.00141525041784,5.7952165603637695
QSO-stagnation,5,50,500,15030,42,500.0039356962255,8.391878843307495
QSO-stagnation,5,50,500,15030,43,500.0210117398995,7.798118591308594
QSO-stagnation,5,50,500,15030,44,500.0107571296297,5.51677680015564
QSO-stagnation,5,50,500,15030,45,500.00890397951247,5.537312984466553
QSO-stagnation,5,50,500,15030,46,500.0024780972359,7.592526912689209
QSO-stagnation,5,50,500,15030,47,500.0001943531011,7.077985525131226
QSO-stagnation,5,50,500,15030,48,500.005098075911,6.603560924530029
QSO-stagnation,5,50,500,15030,49,500.0025096373609,6.465835332870483
QSO-stagnation,5,50,500,15030,50,500.0054710357659,5.549476861953735
QSO-stagnation,5,50,500,15030,51,500.0027772766918,5.6715919971466064
QSO-diversity,5,50,500,15030,42,500.02315144207927,7.911200761795044
QSO-diversity,5,50,500,15030,43,500.0163670995346,8.141314029693604
QSO-diversity,5,50,500,15030,44,500.0407897369778,5.354350805282593
QSO-diversity,5,50,500,15030,45,500.0054838286484,5.421244859695435
QSO-diversity,5,50,500,15030,46,500.0055073809238,6.423928737640381
QSO-diversity,5,50,500,15030,47,500.035559359086,6.969493865966797
QSO-diversity,5,50,500,15030,48,500.00584126394995,7.293273687362671
QSO-diversity,5,50,500,15030,49,500.00233484467907,7.133192539215088
QSO-diversity,5,50,500,15030,50,500.0177496301143,5.755740404129028
QSO-diversity,5,50,500,15030,51,500.01074937354866,5.891104459762573
QSO-clip,5,50,500,15030,42,500.00017669080916,8.33088493347168
QSO-clip,5,50,500,15030,43,500.0010376994879,8.353037357330322
QSO-clip,5,50,500,15030,44,500.00096672930647,5.775601625442505
QSO-clip,5,50,500,15030,45,500.00170370439713,5.646793603897095
QSO-clip,5,50,500,15030,46,500.0012601226819,6.650277853012085
QSO-clip,5,50,500,15030,47,500.00090953554246,8.129899263381958
QSO-clip,5,50,500,15030,48,500.0006943792979,7.861748218536377
QSO-clip,5,50,500,15030,49,500.00086965948094,6.725828409194946
QSO-clip,5,50,500,15030,50,500.00141925118425,5.993118047714233
QSO-clip,5,50,500,15030,51,500.00085351314897,6.281403303146362
DE,5,50,500,15030,42,500.01113683998653,9.886310577392578
DE,5,50,500,15030,43,500.02811255661885,9.854259967803955
DE,5,50,500,15030,44,500.0057124421542,7.394743204116821
DE,5,50,500,15030,45,500.0116755714361,7.972991943359375
DE,5,50,500,15030,46,500.00656073487545,9.098851919174194
DE,5,50,500,15030,47,500.0068496584717,8.680386304855347
DE,5,50,500,15030,48,500.0056323213762,6.717281818389893
DE,5,50,500,15030,49,500.0094199484406,6.816914796829224
DE,5,50,500,15030,50,500.00589161129227,9.30094599723816
DE,5,50,500,15030,51,500.0088736509854,9.15745735168457
GWO,5,50,500,15030,42,500.0007360487085,6.393006324768066
GWO,5,50,500,15030,43,500.0003111419015,6.410102605819702
GWO,5,50,500,15030,44,500.0010715613197,8.692641735076904
GWO,5,50,500,15030,45,500.0004915348121,9.163683652877808
GWO,5,50,500,15030,46,500.00178754899724,6.424100160598755
GWO,5,50,500,15030,47,500.00238503180697,6.378623008728027
GWO,5,50,500,15030,48,500.00045175163126,7.912754535675049
GWO,5,50,500,15030,49,500.00061289516566,8.98193097114563
GWO,5,50,500,15030,50,500.04031189871563,7.261546850204468
GWO,5,50,500,15030,51,500.00041141581846,6.383020401000977
HHO,5,50,500,15030,42,500.00231038777764,13.048195362091064
HHO,5,50,500,15030,43,500.0011056465934,12.789823532104492
HHO,5,50,500,15030,44,500.00243221980236,11.356945753097534
HHO,5,50,500,15030,45,500.0017448138455,13.21352744102478
HHO,5,50,500,15030,46,500.0014206323997,11.91500473022461
HHO,5,50,500,15030,47,500.0021842719265,10.597096681594849
HHO,5,50,500,15030,48,500.0014658085438,12.692171335220337
HHO,5,50,500,15030,49,500.0009925577065,13.05265188217163
HHO,5,50,500,15030,50,500.0011987519788,12.714001655578613
HHO,5,50,500,15030,51,500.00139244432,12.95911693572998
MPA,5,50,500,15030,42,500.0402296180665,5.96091103553772
MPA,5,50,500,15030,43,500.0373931899875,5.823604345321655
MPA,5,50,500,15030,44,500.0410958115788,6.990609407424927
MPA,5,50,500,15030,45,500.0462528050657,8.07332730293274
MPA,5,50,500,15030,46,500.04414519089477,7.152088165283203
MPA,5,50,500,15030,47,500.0448205563002,5.822063684463501
MPA,5,50,500,15030,48,500.0326653597347,5.822545766830444
MPA,5,50,500,15030,49,500.0374477361075,5.162731647491455
MPA,5,50,500,15030,50,500.04240079177094,7.6713175773620605
MPA,5,50,500,15030,51,500.0380783760188,7.486715793609619
PSO,5,50,500,15030,42,500.00038323085494,5.732527494430542
PSO,5,50,500,15030,43,500.0002883841431,5.638789892196655
PSO,5,50,500,15030,44,500.00013467261016,8.248326063156128
PSO,5,50,500,15030,45,500.0018242646994,8.352773904800415
PSO,5,50,500,15030,46,500.0038948848663,5.67789626121521
PSO,5,50,500,15030,47,500.0009819597255,5.76560378074646
PSO,5,50,500,15030,48,500.00031561366495,6.941631317138672
PSO,5,50,500,15030,49,500.00057966831343,7.397631406784058
PSO,5,50,500,15030,50,500.00052162294025,6.639672756195068
PSO,5,50,500,15030,51,500.0007258017679,6.455843210220337
QSO-time,6,50,500,15030,42,5083.281169866668,1.363478660583496
QSO-time,6,50,500,15030,43,8508.14915707115,1.4586386680603027
QSO-time,6,50,500,15030,44,7277.946832060243,1.4261939525604248
QSO-time,6,50,500,15030,45,5699.30771290081,1.4446287155151367
QSO-time,6,50,500,15030,46,5972.523275242753,1.450183391571045
QSO-time,6,50,500,15030,47,7002.844251337653,1.476928472518921
QSO-time,6,50,500,15030,48,4373.098315527668,1.457031488418579
QSO-time,6,50,500,15030,49,6776.118917544565,1.4815700054168701
QSO-time,6,50,500,15030,50,7119.570960754311,1.7474017143249512
QSO-time,6,50,500,15030,51,12105.900264344185,1.843935489654541
QSO-stagnation,6,50,500,15030,42,4993.315383503321,2.210531711578369
QSO-stagnation,6,50,500,15030,43,5480.039564962706,2.569965124130249
QSO-stagnation,6,50,500,15030,44,2655.25024154484,2.4777534008026123
QSO-stagnation,6,50,500,15030,45,5029.72826987218,2.43917179107666
QSO-stagnation,6,50,500,15030,46,3427.118845013251,1.8508472442626953
QSO-stagnation,6,50,500,15030,47,3401.313930535535,1.5378155708312988
QSO-stagnation,6,50,500,15030,48,4061.2674986992247,1.532712459564209
QSO-stagnation,6,50,500,15030,49,2953.148330797278,1.4841094017028809
QSO-stagnation,6,50,500,15030,50,2772.3682988856763,1.5507566928863525
QSO-stagnation,6,50,500,15030,51,1830.680008465278,1.4609954357147217
QSO-diversity,6,50,500,15030,42,4897109.10292415,1.4045169353485107
QSO-diversity,6,50,500,15030,43,3597705.5357439485,1.3959746360778809
QSO-diversity,6,50,500,15030,44,5112633.606095988,1.4767520427703857
QSO-diversity,6,50,500,15030,45,5086197.582113377,1.4402780532836914
QSO-diversity,6,50,500,15030,46,5663936.493552054,1.4600489139556885
QSO-diversity,6,50,500,15030,47,4862344.232338848,1.4141128063201904
QSO-diversity,6,50,500,15030,48,4277041.842612268,1.4791388511657715
QSO-diversity,6,50,500,15030,49,5540500.42104457,1.5424530506134033
QSO-diversity,6,50,500,15030,50,4826673.40187176,2.3362648487091064
QSO-diversity,6,50,500,15030,51,4316248.437373193,2.225991725921631
QSO-clip,6,50,500,15030,42,10045.59845506887,2.1218161582946777
QSO-clip,6,50,500,15030,43,7975.696123010253,2.01517391204834
QSO-clip,6,50,500,15030,44,6042.19641054814,2.0616490840911865
QSO-clip,6,50,500,15030,45,7015.134628350782,1.9973125457763672
QSO-clip,6,50,500,15030,46,9425.640034549013,1.412492275238037
QSO-clip,6,50,500,15030,47,5344.916814205356,1.4221172332763672
QSO-clip,6,50,500,15030,48,5169.606327931601,1.3760175704956055
QSO-clip,6,50,500,15030,49,9144.593858605012,1.3760569095611572
QSO-clip,6,50,500,15030,50,6891.774113760559,1.3457183837890625
QSO-clip,6,50,500,15030,51,7354.255781194515,1.4280622005462646
DE,6,50,500,15030,42,8641.309455065428,2.7339510917663574
DE,6,50,500,15030,43,82482.99250282877,2.675050735473633
DE,6,50,500,15030,44,3727.370724148066,2.7410404682159424
DE,6,50,500,15030,45,115942.84363690017,2.7522637844085693
DE,6,50,500,15030,46,30953.161253346076,4.0305469036102295
DE,6,50,500,15030,47,21818.26598270505,3.9857940673828125
DE,6,50,500,15030,48,15529.775222971835,3.9951958656311035
DE,6,50,500,15030,49,5036.651395487586,3.788794755935669
DE,6,50,500,15030,50,173577.52896778646,2.750453472137451
DE,6,50,500,15030,51,5410.128359657787,2.7758326530456543
GWO,6,50,500,15030,42,632128.3175944149,2.5998785495758057
GWO,6,50,500,15030,43,971474.8192139482,2.5179288387298584
GWO,6,50,500,15030,44,306877.03971310944,2.563690185546875
GWO,6,50,500,15030,45,592088.8088475728,2.5425057411193848
GWO,6,50,500,15030,46,562106.8880473652,3.3335633277893066
GWO,6,50,500,15030,47,232550.17584133436,3.1973650455474854
GWO,6,50,500,15030,48,282355.7127631432,3.9956564903259277
GWO,6,50,500,15030,49,303419.41746894276,3.765965461730957
GWO,6,50,500,15030,50,300341.9319569193,2.7118163108825684
GWO,6,50,500,15030,51,499517.3451004399,2.6043639183044434
HHO,6,50,500,15030,42,38051.338395752726,3.153953790664673
HHO,6,50,500,15030,43,25025.594714109367,3.1423070430755615
HHO,6,50,500,15030,44,43290.72069074497,3.1034817695617676
HHO,6,50,500,15030,45,23619.316144875473,3.166492223739624
HHO,6,50,500,15030,46,26158.10837374523,3.814304828643799
HHO,6,50,500,15030,47,31279.009687896603,4.145404815673828
HHO,6,50,500,15030,48,12904.13585036292,4.80286979675293
HHO,6,50,500,15030,49,17878.59243582902,4.437266111373901
HHO,6,50,500,15030,50,27848.824867327265,3.0888471603393555
HHO,6,50,500,15030,51,43100.6358638653,3.0958683490753174
MPA,6,50,500,15030,42,5670457.618936274,1.859384298324585
MPA,6,50,500,15030,43,4541152.952786924,1.8045878410339355
MPA,6,50,500,15030,44,5035312.906272802,1.8935596942901611
MPA,6,50,500,15030,45,5190895.711493413,1.8886821269989014
MPA,6,50,500,15030,46,5851597.564682024,1.8881909847259521
MPA,6,50,500,15030,47,5427355.4328872245,1.8980326652526855
MPA,6,50,500,15030,48,5658472.51865295,2.4042723178863525
MPA,6,50,500,15030,49,4118703.4862082675,2.3028910160064697
MPA,6,50,500,15030,50,5420351.335847446,2.712390422821045
MPA,6,50,500,15030,51,4400078.274731131,3.0910236835479736
PSO,6,50,500,15030,42,162070.6502861946,1.7390432357788086
PSO,6,50,500,15030,43,98392.36665788674,1.8663909435272217
PSO,6,50,500,15030,44,18811.06346359742,1.3657562732696533
PSO,6,50,500,15030,45,649048.4104771565,0.9977140426635742
PSO,6,50,500,15030,46,488574.72648685984,1.237504005432129
PSO,6,50,500,15030,47,519153.33778544277,1.2214832305908203
PSO,6,50,500,15030,48,84061.31808558888,1.2726411819458008
PSO,6,50,500,15030,49,514503.8188345814,1.2161214351654053
PSO,6,50,500,15030,50,840447.9338364978,1.25726318359375
PSO,6,50,500,15030,51,720557.04741517,1.2296717166900635
QSO-time,9,50,500,15030,42,6430.205098466171,2.6537868976593018
QSO-time,9,50,500,15030,43,5517.519932236601,2.6259827613830566
QSO-time,9,50,500,15030,44,4848.340262939291,2.817434787750244
QSO-time,9,50,500,15030,45,5443.8028951889755,2.6851627826690674
QSO-time,9,50,500,15030,46,7414.227632256105,3.9884793758392334
QSO-time,9,50,500,15030,47,5222.073761938038,4.603791236877441
QSO-time,9,50,500,15030,48,7251.958431566016,3.5509464740753174
QSO-time,9,50,500,15030,49,6182.341929968126,3.0969066619873047
QSO-time,9,50,500,15030,50,6374.054506978378,2.6558501720428467
QSO-time,9,50,500,15030,51,5481.994038123836,2.7573771476745605
QSO-stagnation,9,50,500,15030,42,10359.208597519571,2.8603434562683105
QSO-stagnation,9,50,500,15030,43,8439.781254091336,2.7903151512145996
QSO-stagnation,9,50,500,15030,44,7034.213411316685,2.7342135906219482
QSO-stagnation,9,50,500,15030,45,9688.236456923507,2.7120654582977295
QSO-stagnation,9,50,500,15030,46,10638.597402655634,4.174458265304565
QSO-stagnation,9,50,500,15030,47,9763.355935313824,4.586544990539551
QSO-stagnation,9,50,500,15030,48,9390.053631347891,3.6313226222991943
QSO-stagnation,9,50,500,15030,49,9932.648601101002,3.42221999168396
QSO-stagnation,9,50,500,15030,50,9754.02504915936,2.737597703933716
QSO-stagnation,9,50,500,15030,51,8841.245411183121,2.737997531890869
QSO-diversity,9,50,500,15030,42,9403.205284863414,2.5374176502227783
QSO-diversity,9,50,500,15030,43,4123.386052368252,2.5000357627868652
QSO-diversity,9,50,500,15030,44,5155.12121089967,2.5726232528686523
QSO-diversity,9,50,500,15030,45,5238.362953584918,2.508470296859741
QSO-diversity,9,50,500,15030,46,7023.682509505608,3.6951489448547363
QSO-diversity,9,50,500,15030,47,3801.7294990139635,3.944777250289917
QSO-diversity,9,50,500,15030,48,5713.419708482335,4.009942293167114
QSO-diversity,9,50,500,15030,49,7029.231997575202,3.9790430068969727
QSO-diversity,9,50,500,15030,50,5138.050340515216,2.6204800605773926
QSO-diversity,9,50,500,15030,51,2350.7300173560325,2.5962510108947754
QSO-clip,9,50,500,15030,42,4186.611715280429,2.5887906551361084
QSO-clip,9,50,500,15030,43,4990.193854057299,2.6185505390167236
QSO-clip,9,50,500,15030,44,6091.882860312713,2.596529006958008
QSO-clip,9,50,500,15030,45,6272.438705856928,2.6022841930389404
QSO-clip,9,50,500,15030,46,7762.19361466352,2.762200117111206
QSO-clip,9,50,500,15030,47,8517.137463422363,2.962367296218872
QSO-clip,9,50,500,15030,48,3262.1913426896317,3.994964122772217
QSO-clip,9,50,500,15030,49,7186.044977105907,4.188753843307495
QSO-clip,9,50,500,15030,50,6309.893027015214,3.3077633380889893
QSO-clip,9,50,500,15030,51,4699.468961291797,2.9578840732574463
DE,9,50,500,15030,42,9897.724184892342,3.972362995147705
DE,9,50,500,15030,43,11111.633991352328,3.9271416664123535
DE,9,50,500,15030,44,7149.609567725129,3.859189033508301
DE,9,50,500,15030,45,10825.866576796447,4.026677370071411
DE,9,50,500,15030,46,9943.277793399096,6.353479623794556
DE,9,50,500,15030,47,10794.434450916791,6.473577260971069
DE,9,50,500,15030,48,10768.194084395185,4.548644542694092
DE,9,50,500,15030,49,7708.697370912558,4.24557638168335
DE,9,50,500,15030,50,9735.80198501597,4.2981789112091064
DE,9,50,500,15030,51,9598.431691765838,4.284653902053833
GWO,9,50,500,15030,42,10700.69907051678,4.412111759185791
GWO,9,50,500,15030,43,9579.991807253817,5.479840517044067
GWO,9,50,500,15030,44,10109.483495740895,5.410537242889404
GWO,9,50,500,15030,45,8783.345425517651,4.762791872024536
GWO,9,50,500,15030,46,11174.993455171574,3.603985071182251
GWO,9,50,500,15030,47,8692.658038845953,3.561286687850952
GWO,9,50,500,15030,48,10488.330968565293,3.7175421714782715
GWO,9,50,500,15030,49,8699.269862399698,3.6929702758789062
GWO,9,50,500,15030,50,11200.518775488044,4.606886148452759
GWO,9,50,500,15030,51,1915.9178411483263,5.148909091949463
HHO,9,50,500,15030,42,5884.519915076287,6.625355958938599
HHO,9,50,500,15030,43,3527.242947050192,6.156604290008545
HHO,9,50,500,15030,44,4786.520031385251,5.239901542663574
HHO,9,50,500,15030,45,5756.0140557415125,5.3364293575286865
HHO,9,50,500,15030,46,3743.594053182449,7.537733316421509
HHO,9,50,500,15030,47,4588.10926240735,7.267526149749756
HHO,9,50,500,15030,48,4872.045324118528,5.588278293609619
HHO,9,50,500,15030,49,283.82190973843535,5.404065847396851
HHO,9,50,500,15030,50,8456.514999471477,5.1797685623168945
HHO,9,50,500,15030,51,3638.1499545511106,5.26738977432251
MPA,9,50,500,15030,42,10984.784505362248,4.628066301345825
MPA,9,50,500,15030,43,11795.55947854652,4.738610744476318
MPA,9,50,500,15030,44,11812.06886496603,3.8510313034057617
MPA,9,50,500,15030,45,10067.835616597868,3.4998064041137695
MPA,9,50,500,15030,46,11004.685861131788,2.952227830886841
MPA,9,50,500,15030,47,10945.78658050943,2.961280584335327
MPA,9,50,500,15030,48,11397.491718593867,2.95890212059021
MPA,9,50,500,15030,49,10388.620212028703,2.999886989593506
MPA,9,50,500,15030,50,10507.183577024853,3.20733904838562
MPA,9,50,500,15030,51,10925.604887851745,3.397352457046509
PSO,9,50,500,15030,42,-432.9174456952351,3.562913656234741
PSO,9,50,500,15030,43,-2441.950552617265,3.7306408882141113
PSO,9,50,500,15030,44,688.2682324966481,3.189542055130005
PSO,9,50,500,15030,45,-2451.2542768571657,2.9848544597625732
PSO,9,50,500,15030,46,1238.9215366842618,2.2859621047973633
PSO,9,50,500,15030,47,-841.851698460101,2.2961714267730713
PSO,9,50,500,15030,48,2109.9805927335656,2.2879204750061035
PSO,9,50,500,15030,49,-570.0672831009651,2.3483200073242188
PSO,9,50,500,15030,50,1094.9325236317127,2.3109121322631836
PSO,9,50,500,15030,51,-1180.2426523857903,1.8887100219726562
QSO-time,10,50,500,15030,42,102887.16643153067,1.7338268756866455
QSO-time,10,50,500,15030,43,51609.29516132956,1.7266690731048584
QSO-time,10,50,500,15030,44,99519.66214588829,2.5242512226104736
QSO-time,10,50,500,15030,45,76959.9144766978,2.1560988426208496
QSO-time,10,50,500,15030,46,19603.366187072003,2.5481417179107666
QSO-time,10,50,500,15030,47,63410.01920091188,2.8796005249023438
QSO-time,10,50,500,15030,48,44661.99095532553,2.4798500537872314
QSO-time,10,50,500,15030,49,58251.16526093917,2.23638653755188
QSO-time,10,50,500,15030,50,50071.5533471325,1.6982386112213135
QSO-time,10,50,500,15030,51,86532.55981641365,1.7715473175048828
QSO-stagnation,10,50,500,15030,42,49402.61811553931,1.835810661315918
QSO-stagnation,10,50,500,15030,43,46491.90450121025,1.7533655166625977
QSO-stagnation,10,50,500,15030,44,60395.93428932148,1.8187167644500732
QSO-stagnation,10,50,500,15030,45,25250.704356819806,1.7700262069702148
QSO-stagnation,10,50,500,15030,46,16501.954524991586,1.7800216674804688
QSO-stagnation,10,50,500,15030,47,56583.796540972966,1.7739405632019043
QSO-stagnation,10,50,500,15030,48,23622.04048836323,1.7731237411499023
QSO-stagnation,10,50,500,15030,49,45193.287884163605,1.7307522296905518
QSO-stagnation,10,50,500,15030,50,18612.20244124311,2.2069411277770996
QSO-stagnation,10,50,500,15030,51,50486.63717851402,2.7199394702911377
QSO-diversity,10,50,500,15030,42,18938730.23025693,2.8077380657196045
QSO-diversity,10,50,500,15030,43,78878656.95393318,2.597024440765381
QSO-diversity,10,50,500,15030,44,76553320.39386804,2.4418785572052
QSO-diversity,10,50,500,15030,45,74357386.44373742,2.1767914295196533
QSO-diversity,10,50,500,15030,46,3298532.811118828,1.7502415180206299
QSO-diversity,10,50,500,15030,47,616232242.4238131,1.7531492710113525
QSO-diversity,10,50,500,15030,48,56801666.97440359,1.7062418460845947
QSO-diversity,10,50,500,15030,49,103476244.58779834,1.7070200443267822
QSO-diversity,10,50,500,15030,50,127985565.01239242,1.7530193328857422
QSO-diversity,10,50,500,15030,51,4140557603.296167,1.7213373184204102
QSO-clip,10,50,500,15030,42,56205.95561722743,1.6680214405059814
QSO-clip,10,50,500,15030,43,51600.382257042205,1.6792471408843994
QSO-clip,10,50,500,15030,44,77628.7764420982,1.7760815620422363
QSO-clip,10,50,500,15030,45,71909.85501996258,1.6823039054870605
QSO-clip,10,50,500,15030,46,26552.130824173917,2.095477819442749
QSO-clip,10,50,500,15030,47,73583.07303515666,2.4876906871795654
QSO-clip,10,50,500,15030,48,38131.89194812276,2.797835350036621
QSO-clip,10,50,500,15030,49,72802.6474335835,2.5604827404022217
QSO-clip,10,50,500,15030,50,34399.62958733354,2.49369478225708
QSO-clip,10,50,500,15030,51,72886.622500175,2.3474934101104736
DE,10,50,500,15030,42,14544.664723223847,3.1537394523620605
DE,10,50,500,15030,43,26243.131319476775,3.176271438598633
DE,10,50,500,15030,44,75523.83371631407,3.1922998428344727
DE,10,50,500,15030,45,57342.48991262525,3.046046257019043
DE,10,50,500,15030,46,45093.39725237712,3.0025761127471924
DE,10,50,500,15030,47,16062.691343985272,3.016321897506714
DE,10,50,500,15030,48,47313.00398383552,4.537854433059692
DE,10,50,500,15030,49,87791.65696133042,4.920715093612671
DE,10,50,500,15030,50,48469.51722715507,4.286422252655029
DE,10,50,500,15030,51,22317.706738389887,3.960697889328003
GWO,10,50,500,15030,42,262646.3077912865,2.909660816192627
GWO,10,50,500,15030,43,235639.7200072325,3.022684097290039
GWO,10,50,500,15030,44,229200.8182164715,3.024305820465088
GWO,10,50,500,15030,45,221205.93191783575,3.030703067779541
GWO,10,50,500,15030,46,186802.90934596944,3.6939916610717773
GWO,10,50,500,15030,47,258827.97888496827,3.596637487411499
GWO,10,50,500,15030,48,385072.77704709285,4.764891147613525
GWO,10,50,500,15030,49,779346.2092222888,5.268735408782959
GWO,10,50,500,15030,50,188507.08942713018,3.8824892044067383
GWO,10,50,500,15030,51,168740.99660418247,3.405791997909546
HHO,10,50,500,15030,42,186579.6238542021,4.006606817245483
HHO,10,50,500,15030,43,253722.28832712054,4.0186450481414795
HHO,10,50,500,15030,44,171658.7321953604,4.381022691726685
HHO,10,50,500,15030,45,153467.2505950947,4.344552040100098
HHO,10,50,500,15030,46,104701.12773541387,6.202516078948975
HHO,10,50,500,15030,47,227329.9592860666,6.085768938064575
HHO,10,50,500,15030,48,131508.01074558523,4.016845464706421
HHO,10,50,500,15030,49,227317.2267683354,3.8935658931732178
HHO,10,50,500,15030,50,113044.34392493565,4.058886766433716
HHO,10,50,500,15030,51,216683.38363520772,4.010418653488159
MPA,10,50,500,15030,42,87110914.24752946,2.6007463932037354
MPA,10,50,500,15030,43,256330953.43172783,2.8780250549316406
MPA,10,50,500,15030,44,114605574.57937378,4.198844909667969
MPA,10,50,500,15030,45,268470038.25913537,3.92360520362854
MPA,10,50,500,15030,46,375737903.29209584,3.189028024673462
MPA,10,50,500,15030,47,97041209.38815771,3.067492961883545
MPA,10,50,500,15030,48,335827586.57201403,2.3545618057250977
MPA,10,50,500,15030,49,203184601.3333853,2.2909793853759766
MPA,10,50,500,15030,50,707912105.199836,2.200227737426758
MPA,10,50,500,15030,51,166057430.15324745,2.1789445877075195
PSO,10,50,500,15030,42,94340.07156648123,1.5541033744812012
PSO,10,50,500,15030,43,264863.5662522249,1.537818193435669
PSO,10,50,500,15030,44,133944.9541917517,1.5978162288665771
PSO,10,50,500,15030,45,53130791.44481779,1.6256382465362549
PSO,10,50,500,15030,46,42248.68048031736,1.8072545528411865
PSO,10,50,500,15030,47,163227.1028485689,1.6489694118499756
PSO,10,50,500,15030,48,74308.8848673779,2.6306076049804688
PSO,10,50,500,15030,49,12216998.714650938,2.2063586711883545
PSO,10,50,500,15030,50,130551.74048596522,2.339301109313965
PSO,10,50,500,15030,51,63853.205274295644,2.6093764305114746
QSO-time,21,50,500,15030,42,3213.449365563657,5.96304726600647
QSO-time,21,50,500,15030,43,3371.433570674829,5.830206871032715
QSO-time,21,50,500,15030,44,4283.824284915718,5.410750150680542
QSO-time,21,50,500,15030,45,6738.996328615585,5.502923488616943
QSO-time,21,50,500,15030,46,6082.383772153965,8.019625902175903
QSO-time,21,50,500,15030,47,6603.080411434359,7.7079432010650635
QSO-time,21,50,500,15030,48,4344.240256496667,5.22788143157959
QSO-time,21,50,500,15030,49,6520.3636036147245,5.133790493011475
QSO-time,21,50,500,15030,50,4497.504281180155,6.588527202606201
QSO-time,21,50,500,15030,51,2571.273316316205,6.219434499740601
QSO-stagnation,21,50,500,15030,42,2637.8319885381197,6.911984205245972
QSO-stagnation,21,50,500,15030,43,6254.357247900127,7.028703451156616
QSO-stagnation,21,50,500,15030,44,8885.794695896137,5.752723455429077
QSO-stagnation,21,50,500,15030,45,8344.982459078845,5.679885149002075
QSO-stagnation,21,50,500,15030,46,3350.269231802451,7.843620538711548
QSO-stagnation,21,50,500,15030,47,7322.462467761512,7.7836503982543945
QSO-stagnation,21,50,500,15030,48,8634.373925843947,5.88974404335022
QSO-stagnation,21,50,500,15030,49,8630.533197104476,5.7889416217803955
QSO-stagnation,21,50,500,15030,50,8695.992987035697,6.062726736068726
QSO-stagnation,21,50,500,15030,51,2718.2132163013507,5.9898223876953125
QSO-diversity,21,50,500,15030,42,4030.3289139018043,7.31402325630188
QSO-diversity,21,50,500,15030,43,3612.129618296422,7.27290153503418
QSO-diversity,21,50,500,15030,44,4686.986105050928,5.392764329910278
QSO-diversity,21,50,500,15030,45,6951.936604001123,5.321206331253052
QSO-diversity,21,50,500,15030,46,4107.406863305024,6.354010105133057
QSO-diversity,21,50,500,15030,47,3217.57734393607,6.273434400558472
QSO-diversity,21,50,500,15030,48,5262.630201870124,6.637976884841919
QSO-diversity,21,50,500,15030,49,6268.279829112036,6.336078405380249
QSO-diversity,21,50,500,15030,50,3465.822780777392,5.372792720794678
QSO-diversity,21,50,500,15030,51,3978.704656354218,5.2622597217559814
QSO-clip,21,50,500,15030,42,3137.6635638554435,7.281760215759277
QSO-clip,21,50,500,15030,43,4073.345885974181,7.588975667953491
QSO-clip,21,50,500,15030,44,4011.5443599257214,5.894155979156494
QSO-clip,21,50,500,15030,45,3659.7700199776673,5.7084267139434814
QSO-clip,21,50,500,15030,46,4219.832807387672,5.275593996047974
QSO-clip,21,50,500,15030,47,6034.822007760778,5.328585863113403
QSO-clip,21,50,500,15030,48,5046.267819247652,7.763582706451416
QSO-clip,21,50,500,15030,49,5905.627318123679,7.675954580307007
QSO-clip,21,50,500,15030,50,4288.941848682314,5.290773630142212
QSO-clip,21,50,500,15030,51,2200.8385590260636,5.220169305801392
DE,21,50,500,15030,42,2318.210163977348,8.223798751831055
DE,21,50,500,15030,43,2264.3717354571518,8.377863883972168
DE,21,50,500,15030,44,2353.793743771605,7.887207269668579
DE,21,50,500,15030,45,2272.5365695838723,7.963874340057373
DE,21,50,500,15030,46,2233.098803767314,7.351510524749756
DE,21,50,500,15030,47,2395.9883206809154,8.18207311630249
DE,21,50,500,15030,48,2457.1135333836983,8.626412630081177
DE,21,50,500,15030,49,2293.0449927456507,8.236942052841187
DE,21,50,500,15030,50,2315.1499276723107,7.435679912567139
DE,21,50,500,15030,51,2293.9498758082987,7.93220591545105
GWO,21,50,500,15030,42,2352.740164336973,8.177845001220703
GWO,21,50,500,15030,43,2795.044028149321,7.543414115905762
GWO,21,50,500,15030,44,2420.0889584376037,6.2476770877838135
GWO,21,50,500,15030,45,2204.9222865255865,6.2563722133636475
GWO,21,50,500,15030,46,2554.28259402358,8.883899211883545
GWO,21,50,500,15030,47,11904.049897553718,8.9633469581604
GWO,21,50,500,15030,48,2514.7781635523775,6.354427099227905
GWO,21,50,500,15030,49,3006.6551370410066,6.488718748092651
GWO,21,50,500,15030,50,2600.135846980015,8.574515581130981
GWO,21,50,500,15030,51,2386.694417679464,8.574572086334229
HHO,21,50,500,15030,42,86.97293816514866,10.727651357650757
HHO,21,50,500,15030,43,3832.7352172051706,10.294471025466919
HHO,21,50,500,15030,44,-5026.24596093835,12.533872365951538
HHO,21,50,500,15030,45,-156.9673534303156,12.912249565124512
HHO,21,50,500,15030,46,-2442.1630379632907,12.443233489990234
HHO,21,50,500,15030,47,-5522.419203923777,12.356943368911743
HHO,21,50,500,15030,48,3601.6370464080346,10.620710611343384
HHO,21,50,500,15030,49,1713.9144097870515,10.896668672561646
HHO,21,50,500,15030,50,3529.488245294082,12.268271446228027
HHO,21,50,500,15030,51,-1499.7184288320486,11.773769855499268
MPA,21,50,500,15030,42,10165.805609799874,7.476181507110596
MPA,21,50,500,15030,43,9274.510670774262,7.608897686004639
MPA,21,50,500,15030,44,9547.451826989673,6.578451156616211
MPA,21,50,500,15030,45,10813.153758520286,6.346293926239014
MPA,21,50,500,15030,46,10723.948810960554,5.777341842651367
MPA,21,50,500,15030,47,6230.882078790339,5.8289384841918945
MPA,21,50,500,15030,48,9896.68160432174,7.933298110961914
MPA,21,50,500,15030,49,10711.518033836874,7.851413726806641
MPA,21,50,500,15030,50,11607.74333033761,5.588430881500244
MPA,21,50,500,15030,51,9164.73637990897,5.661923408508301
PSO,21,50,500,15030,42,2644.7959746951756,5.866136789321899
PSO,21,50,500,15030,43,-345.9748132923396,5.972361087799072
PSO,21,50,500,15030,44,-2177.2763906738337,6.561506986618042
PSO,21,50,500,15030,45,-349.4145430908279,6.437329530715942
PSO,21,50,500,15030,46,2505.707999676445,5.184300661087036
PSO,21,50,500,15030,47,-221.89367800530272,5.052093744277954
PSO,21,50,500,15030,48,-8.817087619266658,6.042677640914917
PSO,21,50,500,15030,49,1905.8660017397024,6.113506555557251
PSO,21,50,500,15030,50,-1610.58831626632,6.400538444519043
PSO,21,50,500,15030,51,2570.7875870768353,6.592806577682495
QSO-time,23,50,500,15030,42,3356.9955852204826,4.606258392333984
QSO-time,23,50,500,15030,43,3896.250797510492,4.560871839523315
QSO-time,23,50,500,15030,44,3041.8793521585667,5.373327255249023
QSO-time,23,50,500,15030,45,3019.696521406487,6.028721570968628
QSO-time,23,50,500,15030,46,3237.54103649066,6.327800989151001
QSO-time,23,50,500,15030,47,3167.836988200233,5.763373613357544
QSO-time,23,50,500,15030,48,3425.699567776659,4.5513832569122314
QSO-time,23,50,500,15030,49,3193.288126017094,4.723544359207153
QSO-time,23,50,500,15030,50,3144.1214151011513,5.185373306274414
QSO-time,23,50,500,15030,51,3201.45421355868,5.783581972122192
QSO-stagnation,23,50,500,15030,42,4641.095728842181,6.636636734008789
QSO-stagnation,23,50,500,15030,43,3318.9882911388117,5.687535047531128
QSO-stagnation,23,50,500,15030,44,3950.3945796182006,4.724923372268677
QSO-stagnation,23,50,500,15030,45,4757.192777218861,4.7288384437561035
QSO-stagnation,23,50,500,15030,46,3528.9967829195125,5.70815896987915
QSO-stagnation,23,50,500,15030,47,4385.916086920715,6.083683013916016
QSO-stagnation,23,50,500,15030,48,3359.8572592645714,6.192586421966553
QSO-stagnation,23,50,500,15030,49,4029.4899063547364,6.258612394332886
QSO-stagnation,23,50,500,15030,50,3464.641469381629,4.934511184692383
QSO-stagnation,23,50,500,15030,51,4537.129414997379,4.839699029922485
QSO-diversity,23,50,500,15030,42,70890.00005224766,5.771360635757446
QSO-diversity,23,50,500,15030,43,49142.205546292585,6.203492879867554
QSO-diversity,23,50,500,15030,44,45561.994899552425,5.535720109939575
QSO-diversity,23,50,500,15030,45,62423.821868694045,5.747926473617554
QSO-diversity,23,50,500,15030,46,50440.795443205185,4.759860515594482
QSO-diversity,23,50,500,15030,47,44729.32342003004,4.722478628158569
QSO-diversity,23,50,500,15030,48,51985.326739135075,4.985388278961182
QSO-diversity,23,50,500,15030,49,59802.56856507919,5.940511465072632
QSO-diversity,23,50,500,15030,50,66804.1280858996,6.519265174865723
QSO-diversity,23,50,500,15030,51,46883.72243504121,5.516622066497803
QSO-clip,23,50,500,15030,42,3357.3364307419643,4.461048364639282
QSO-clip,23,50,500,15030,43,3345.3740756498787,4.432429552078247
QSO-clip,23,50,500,15030,44,3013.7957976956723,4.813819885253906
QSO-clip,23,50,500,15030,45,3255.4925454127188,4.918845176696777
QSO-clip,23,50,500,15030,46,3205.374031625438,6.4778523445129395
QSO-clip,23,50,500,15030,47,3121.231395248468,6.368152141571045
QSO-clip,23,50,500,15030,48,3431.84902158507,4.582775592803955
QSO-clip,23,50,500,15030,49,3113.4811200943313,4.6777801513671875
QSO-clip,23,50,500,15030,50,3305.863016946515,4.601004600524902
QSO-clip,23,50,500,15030,51,3226.558834780645,4.63910436630249
DE,23,50,500,15030,42,2993.8250156572067,8.534494400024414
DE,23,50,500,15030,43,4307.963486497167,8.247034788131714
DE,23,50,500,15030,44,3736.5613966158535,6.0802648067474365
DE,23,50,500,15030,45,8470.64145581992,6.005556583404541
DE,23,50,500,15030,46,4971.936591480173,7.856171369552612
DE,23,50,500,15030,47,4878.522592488209,8.503772497177124
DE,23,50,500,15030,48,3229.5335938889257,6.693785190582275
DE,23,50,500,15030,49,3304.5387805511327,6.009345054626465
DE,23,50,500,15030,50,4240.9780904374575,6.781147718429565
DE,23,50,500,15030,51,4846.008364076129,7.211061477661133
GWO,23,50,500,15030,42,14051.662785096201,7.298651456832886
GWO,23,50,500,15030,43,12753.52997478951,7.132181167602539
GWO,23,50,500,15030,44,10641.990514907544,5.779694080352783
GWO,23,50,500,15030,45,11183.882160366034,5.638965845108032
GWO,23,50,500,15030,46,28144.663975843767,8.13255786895752
GWO,23,50,500,15030,47,13552.647049906585,8.054738283157349
GWO,23,50,500,15030,48,19452.635733533876,5.850000381469727
GWO,23,50,500,15030,49,7174.26382963962,5.5824339389801025
GWO,23,50,500,15030,50,14351.226954048701,6.53508448600769
GWO,23,50,500,15030,51,10294.129801981355,6.382556915283203
HHO,23,50,500,15030,42,4360.368717299019,10.706732988357544
HHO,23,50,500,15030,43,4577.124824945267,10.854959487915039
HHO,23,50,500,15030,44,4732.578077458958,11.155189514160156
HHO,23,50,500,15030,45,3959.54589139488,11.698265314102173
HHO,23,50,500,15030,46,4546.186152619298,9.107286214828491
HHO,23,50,500,15030,47,4097.093390785395,9.109768867492676
HHO,23,50,500,15030,48,3924.4024276365526,11.369791746139526
HHO,23,50,500,15030,49,4405.845395177166,11.39026165008545
HHO,23,50,500,15030,50,4477.266354337828,10.40628695487976
HHO,23,50,500,15030,51,4588.263935333498,11.845174074172974
MPA,23,50,500,15030,42,64160.15587554163,6.033432960510254
MPA,23,50,500,15030,43,59486.852816181294,5.265178680419922
MPA,23,50,500,15030,44,64943.51209021885,5.188382625579834
MPA,23,50,500,15030,45,64435.30251839935,5.97645902633667
MPA,23,50,500,15030,46,61360.131263195595,7.580953598022461
MPA,23,50,500,15030,47,63520.333232679804,7.352302551269531
MPA,23,50,500,15030,48,60565.21679996965,5.560728549957275
MPA,23,50,500,15030,49,64304.76126659842,5.662650108337402
MPA,23,50,500,15030,50,66086.43826946575,6.6063926219940186
MPA,23,50,500,15030,51,62343.71748535897,7.730226039886475
PSO,23,50,500,15030,42,5686.890833046797,5.883597135543823
PSO,23,50,500,15030,43,15675.022010166645,4.6294872760772705
PSO,23,50,500,15030,44,7376.956998434178,4.576199769973755
PSO,23,50,500,15030,45,6574.152364593657,4.495353698730469
PSO,23,50,500,15030,46,4190.465778530317,4.977299928665161
PSO,23,50,500,15030,47,14605.26650596022,6.432565927505493
PSO,23,50,500,15030,48,5967.443520497838,6.042085886001587
PSO,23,50,500,15030,49,12273.118619839248,4.652243137359619
PSO,23,50,500,15030,50,17933.399210366184,4.443517208099365
PSO,23,50,500,15030,51,10788.788492080292,4.481295824050903
QSO-time,25,50,500,15030,42,4111.815543596704,36.5068244934082
QSO-time,25,50,500,15030,43,4329.9077548635,36.47411346435547
QSO-time,25,50,500,15030,44,4397.209235224828,36.817091941833496
QSO-time,25,50,500,15030,45,4247.067287300324,37.204219818115234
QSO-time,25,50,500,15030,46,4162.678298487097,36.42134428024292
QSO-time,25,50,500,15030,47,4487.952588975088,36.64570164680481
QSO-time,25,50,500,15030,48,4000.6943717023278,36.147692918777466
QSO-time,25,50,500,15030,49,4479.533953162421,35.61145305633545
QSO-time,25,50,500,15030,50,4215.465044082364,35.45365810394287
QSO-time,25,50,500,15030,51,4453.420230436503,35.0966854095459
QSO-stagnation,25,50,500,15030,42,4004.1890579750125,36.02341175079346
QSO-stagnation,25,50,500,15030,43,4219.526836977827,36.70165157318115
QSO-stagnation,25,50,500,15030,44,4363.0121964014415,36.29612493515015
QSO-stagnation,25,50,500,15030,45,3958.5808063801665,37.290653705596924
QSO-stagnation,25,50,500,15030,46,4055.4984844774463,37.00077509880066
QSO-stagnation,25,50,500,15030,47,3873.3208437077506,37.158095359802246
QSO-stagnation,25,50,500,15030,48,4091.0314987841602,38.106024980545044
QSO-stagnation,25,50,500,15030,49,4009.6450939318065,35.57398772239685
QSO-stagnation,25,50,500,15030,50,3938.9821190489415,36.7450737953186
QSO-stagnation,25,50,500,15030,51,4238.452858785643,36.797274351119995
QSO-diversity,25,50,500,15030,42,13965.76328191759,37.03858923912048
QSO-diversity,25,50,500,15030,43,22559.098315590498,37.17666149139404
QSO-diversity,25,50,500,15030,44,22344.429939192985,40.695528507232666
QSO-diversity,25,50,500,15030,45,18683.676434876914,42.28507685661316
QSO-diversity,25,50,500,15030,46,20898.97101516592,37.8349552154541
QSO-diversity,25,50,500,15030,47,48099.90748926699,36.895671367645264
QSO-diversity,25,50,500,15030,48,24319.71652749836,36.12801504135132
QSO-diversity,25,50,500,15030,49,37031.7903768815,35.28423881530762
QSO-diversity,25,50,500,15030,50,48868.187810994816,36.46494913101196
QSO-diversity,25,50,500,15030,51,17699.39393100948,36.02252221107483
QSO-clip,25,50,500,15030,42,3954.6977373472027,36.46257996559143
QSO-clip,25,50,500,15030,43,4104.270022351149,36.48172879219055
QSO-clip,25,50,500,15030,44,4128.606612952021,36.965537548065186
QSO-clip,25,50,500,15030,45,3938.884691182946,37.020859479904175
QSO-clip,25,50,500,15030,46,4029.869415103257,35.74625849723816
QSO-clip,25,50,500,15030,47,4667.8684028090465,36.2741174697876
QSO-clip,25,50,500,15030,48,3963.7296713035394,36.91762399673462
QSO-clip,25,50,500,15030,49,4195.795533976766,36.15368938446045
QSO-clip,25,50,500,15030,50,4293.097911702691,34.13473653793335
QSO-clip,25,50,500,15030,51,4308.509345025316,34.28978180885315
DE,25,50,500,15030,42,4123.697782060902,36.27338433265686
DE,25,50,500,15030,43,4065.3225500332837,36.501341342926025
DE,25,50,500,15030,44,4129.241060217586,36.324941635131836
DE,25,50,500,15030,45,4130.854427557163,36.39658188819885
DE,25,50,500,15030,46,4126.671269799757,37.420952558517456
DE,25,50,500,15030,47,4151.09476168233,38.34061813354492
DE,25,50,500,15030,48,4123.410928772255,37.63067388534546
DE,25,50,500,15030,49,3990.838286963418,37.33017683029175
DE,25,50,500,15030,50,4325.142445219096,36.662237882614136
DE,25,50,500,15030,51,3945.153454835682,36.68069863319397
GWO,25,50,500,15030,42,4288.762547517453,38.96403670310974
GWO,25,50,500,15030,43,4504.848905847735,39.590412855148315
GWO,25,50,500,15030,44,5110.994050565973,39.82153081893921
GWO,25,50,500,15030,45,4920.235983692326,38.82616925239563
GWO,25,50,500,15030,46,5025.262153842806,35.79858613014221
GWO,25,50,500,15030,47,4753.5303333120555,36.361937046051025
GWO,25,50,500,15030,48,5834.567813633597,37.07271409034729
GWO,25,50,500,15030,49,4861.566433648629,36.17411732673645
GWO,25,50,500,15030,50,4659.600286372099,36.361913442611694
GWO,25,50,500,15030,51,4730.752535388601,36.550293922424316
HHO,25,50,500,15030,42,5511.918790552305,67.12454771995544
HHO,25,50,500,15030,43,5172.027771942019,66.93184542655945
HHO,25,50,500,15030,44,5573.723092008733,67.23969984054565
HHO,25,50,500,15030,45,6156.835944676216,68.65850782394409
HHO,25,50,500,15030,46,9224.599830637253,67.22617077827454
HHO,25,50,500,15030,47,6362.314308334242,68.25887322425842
HHO,25,50,500,15030,48,5677.11898812257,67.45538830757141
HHO,25,50,500,15030,49,6684.116772318195,67.09996795654297
HHO,25,50,500,15030,50,5487.673604746204,69.25060415267944
HHO,25,50,500,15030,51,6455.462698485753,67.79287719726562
MPA,25,50,500,15030,42,21072.45057613935,37.23710513114929
MPA,25,50,500,15030,43,13737.243390874415,36.800458669662476
MPA,25,50,500,15030,44,16823.593157218857,35.9390971660614
MPA,25,50,500,15030,45,10535.637073429096,35.75811529159546
MPA,25,50,500,15030,46,14815.626548584456,37.0262086391449
MPA,25,50,500,15030,47,22878.177553179277,36.91460657119751
MPA,25,50,500,15030,48,18398.144275465904,36.4809365272522
MPA,25,50,500,15030,49,40404.07407366408,36.54949474334717
MPA,25,50,500,15030,50,20972.204805289304,37.201428174972534
MPA,25,50,500,15030,51,20115.799214399365,37.596776485443115
PSO,25,50,500,15030,42,4927.8111320805965,36.71933889389038
PSO,25,50,500,15030,43,5115.550485955505,36.08116340637207
PSO,25,50,500,15030,44,4322.6504281279,35.85457730293274
PSO,25,50,500,15030,45,4543.901809267505,34.8716516494751
PSO,25,50,500,15030,46,5550.189073023668,34.74351382255554
PSO,25,50,500,15030,47,5487.210362830709,34.91759538650513
PSO,25,50,500,15030,48,4857.144355911324,36.82684087753296
PSO,25,50,500,15030,49,4548.462922564338,37.16596722602844
PSO,25,50,500,15030,50,4636.739293403121,36.725677728652954
PSO,25,50,500,15030,51,4887.948183267156,38.881370544433594
QSO-time,1,30,3333,100020,42,499.75880327237377,5.79189133644104
QSO-time,1,30,3333,100020,43,4121.222347108767,4.829413175582886
QSO-time,1,30,3333,100020,44,6009.220516909421,3.765385150909424
QSO-time,1,30,3333,100020,45,1864.099315075237,3.679462432861328
QSO-time,1,30,3333,100020,46,2511.609772889855,3.75762939453125
QSO-time,1,30,3333,100020,47,3939.6780649481757,3.8063266277313232
QSO-time,1,30,3333,100020,48,434.77966850090144,4.485475540161133
QSO-time,1,30,3333,100020,49,606.0358533479007,6.044985771179199
QSO-time,1,30,3333,100020,50,1373.1839664656688,5.581013917922974
QSO-time,1,30,3333,100020,51,1429.93389136942,4.158712148666382
QSO-stagnation,1,30,3333,100020,42,6855.507591215504,3.9023380279541016
QSO-stagnation,1,30,3333,100020,43,2088.029290546007,4.007671117782593
QSO-stagnation,1,30,3333,100020,44,3592.5221111060023,3.9148430824279785
QSO-stagnation,1,30,3333,100020,45,4074.61240372267,4.279561996459961
QSO-stagnation,1,30,3333,100020,46,5633.586717925197,5.658401966094971
QSO-stagnation,1,30,3333,100020,47,3882.156198596468,5.831029653549194
QSO-stagnation,1,30,3333,100020,48,1317.2708658689169,4.703741073608398
QSO-stagnation,1,30,3333,100020,49,1233.4355494260208,3.8118510246276855
QSO-stagnation,1,30,3333,100020,50,2387.913668785212,3.838071584701538
QSO-stagnation,1,30,3333,100020,51,3530.7665671176064,3.923274278640747
QSO-diversity,1,30,3333,100020,42,18004042.90548197,4.429220914840698
QSO-diversity,1,30,3333,100020,43,48131264390.81722,5.585602283477783
QSO-diversity,1,30,3333,100020,44,34840357466.99426,5.75077748298645
QSO-diversity,1,30,3333,100020,45,23632278182.693638,3.5312564373016357
QSO-diversity,1,30,3333,100020,46,46749785692.52818,3.776426076889038
QSO-diversity,1,30,3333,100020,47,23872393032.433716,3.8134562969207764
QSO-diversity,1,30,3333,100020,48,10984450113.827564,3.757040023803711
QSO-diversity,1,30,3333,100020,49,27661143018.528046,3.744649887084961
QSO-diversity,1,30,3333,100020,50,31079445728.84556,4.784372568130493
QSO-diversity,1,30,3333,100020,51,25629825.803753417,6.030913591384888
QSO-clip,1,30,3333,100020,42,3982.8461481805975,4.50535774230957
QSO-clip,1,30,3333,100020,43,3125.3492879423143,4.257950782775879
QSO-clip,1,30,3333,100020,44,2569.8096858672393,3.5229287147521973
QSO-clip,1,30,3333,100020,45,6282.051312209155,3.468801975250244
QSO-clip,1,30,3333,100020,46,1691.6942236209557,3.852043390274048
QSO-clip,1,30,3333,100020,47,3052.898169989129,3.847414970397949
QSO-clip,1,30,3333,100020,48,7740.155747537443,4.81113076210022
QSO-clip,1,30,3333,100020,49,957.8508247366092,5.401318550109863
QSO-clip,1,30,3333,100020,50,175.20458535929055,4.851975917816162
QSO-clip,1,30,3333,100020,51,4793.108151672617,4.386685371398926
DE,1,30,3333,100020,42,556256.2134688315,16.274110078811646
DE,1,30,3333,100020,43,6227.457976294565,16.35647749900818
DE,1,30,3333,100020,44,659332754.506789,17.434999704360962
DE,1,30,3333,100020,45,20932.901561218776,17.127411127090454
DE,1,30,3333,100020,46,13933.952037701067,16.117790937423706
DE,1,30,3333,100020,47,66217722.86339452,16.657275676727295
DE,1,30,3333,100020,48,6153.964362886282,14.09424090385437
DE,1,30,3333,100020,49,122.04404750032496,14.760578632354736
DE,1,30,3333,100020,50,190371250.6044939,14.197173357009888
DE,1,30,3333,100020,51,19246345.819350448,13.918088912963867
GWO,1,30,3333,100020,42,1536663023.6151302,13.596097707748413
GWO,1,30,3333,100020,43,1603316283.2484293,12.787365436553955
GWO,1,30,3333,100020,44,2145664914.0748403,13.919697999954224
GWO,1,30,3333,100020,45,1514425188.1226604,14.086182117462158
GWO,1,30,3333,100020,46,1989667359.0837286,14.499840021133423
GWO,1,30,3333,100020,47,2760569313.758331,14.303080797195435
GWO,1,30,3333,100020,48,475690096.6580703,14.51598334312439
GWO,1,30,3333,100020,49,739647545.001425,14.153332710266113
GWO,1,30,3333,100020,50,2049658689.6140432,12.692272424697876
GWO,1,30,3333,100020,51,2197232427.3087626,13.03671646118164
HHO,1,30,3333,100020,42,7607196.6920602545,12.605997085571289
HHO,1,30,3333,100020,43,9159123.178258069,12.279996871948242
HHO,1,30,3333,100020,44,9311497.195868902,13.444653511047363
HHO,1,30,3333,100020,45,7376958.425840366,13.682695865631104
HHO,1,30,3333,100020,46,7940352.7525801435,13.21986985206604
HHO,1,30,3333,100020,47,8547562.646713922,13.315188646316528
HHO,1,30,3333,100020,48,10405643.512886444,12.19594931602478
HHO,1,30,3333,100020,49,8211125.676816518,13.327978134155273
HHO,1,30,3333,100020,50,6597870.786805925,12.431410312652588
HHO,1,30,3333,100020,51,8610870.793236172,11.863528728485107
MPA,1,30,3333,100020,42,40746748733.30219,9.037798404693604
MPA,1,30,3333,100020,43,33256920307.08515,8.909053325653076
MPA,1,30,3333,100020,44,37836040859.16853,6.580350637435913
MPA,1,30,3333,100020,45,34697051907.65891,6.624754905700684
MPA,1,30,3333,100020,46,34981614219.84106,9.246026277542114
MPA,1,30,3333,100020,47,37620229982.13286,9.392720699310303
MPA,1,30,3333,100020,48,31404461822.45633,7.042159557342529
MPA,1,30,3333,100020,49,31986633144.243904,6.831088542938232
MPA,1,30,3333,100020,50,31983422487.93456,8.93744707107544
MPA,1,30,3333,100020,51,34934047249.82827,8.846615552902222
PSO,1,30,3333,100020,42,1026808560.3498914,2.9078521728515625
PSO,1,30,3333,100020,43,7254.686183346554,2.806155204772949
PSO,1,30,3333,100020,44,1184059453.4044702,2.8663430213928223
PSO,1,30,3333,100020,45,20941.767100916164,2.8546698093414307
PSO,1,30,3333,100020,46,20941.767100916164,2.8858840465545654
PSO,1,30,3333,100020,47,2234612598.27985,2.840703010559082
PSO,1,30,3333,100020,48,806.072072261997,3.408658981323242
PSO,1,30,3333,100020,49,3906.4629950694475,4.22910475730896
PSO,1,30,3333,100020,50,1026798826.9709747,4.237466335296631
PSO,1,30,3333,100020,51,1836278443.0277338,3.7462074756622314
QSO-time,3,30,3333,100020,42,379.5238542836052,6.452735185623169
QSO-time,3,30,3333,100020,43,443.20189629227616,6.262465953826904
QSO-time,3,30,3333,100020,44,382.2786085150265,8.250786304473877
QSO-time,3,30,3333,100020,45,361.2479802958123,8.66943907737732
QSO-time,3,30,3333,100020,46,413.38288026086076,7.4275429248809814
QSO-time,3,30,3333,100020,47,302.97612591276203,6.745276689529419
QSO-time,3,30,3333,100020,48,373.86925992749553,6.882364988327026
QSO-time,3,30,3333,100020,49,386.38263751081183,7.229555606842041
QSO-time,3,30,3333,100020,50,382.752128897275,7.820995330810547
QSO-time,3,30,3333,100020,51,374.3745615478208,7.557514429092407
QSO-stagnation,3,30,3333,100020,42,383.1221957441127,6.363102674484253
QSO-stagnation,3,30,3333,100020,43,381.77923108146723,6.851666688919067
QSO-stagnation,3,30,3333,100020,44,390.256677837191,8.966400384902954
QSO-stagnation,3,30,3333,100020,45,373.56659197178624,8.597691535949707
QSO-stagnation,3,30,3333,100020,46,334.3289991933899,6.730928421020508
QSO-stagnation,3,30,3333,100020,47,300.1264639968807,6.734931468963623
QSO-stagnation,3,30,3333,100020,48,381.5379228802466,9.043163537979126
QSO-stagnation,3,30,3333,100020,49,382.98850537342594,8.868728876113892
QSO-stagnation,3,30,3333,100020,50,378.2678782797195,6.625056982040405
QSO-stagnation,3,30,3333,100020,51,333.4249476707185,6.6524248123168945
QSO-diversity,3,30,3333,100020,42,12339.31160500184,8.213232278823853
QSO-diversity,3,30,3333,100020,43,5678.189641619887,8.975782871246338
QSO-diversity,3,30,3333,100020,44,481.42151791970696,6.833167314529419
QSO-diversity,3,30,3333,100020,45,823.9291243512777,6.510744094848633
QSO-diversity,3,30,3333,100020,46,7541.487183728277,7.1899518966674805
QSO-diversity,3,30,3333,100020,47,810.5582909102582,8.166636228561401
QSO-diversity,3,30,3333,100020,48,7004.978456779904,7.701817512512207
QSO-diversity,3,30,3333,100020,49,798.394615668811,6.945101499557495
QSO-diversity,3,30,3333,100020,50,7307.206399097959,6.217768907546997
QSO-diversity,3,30,3333,100020,51,1615.7983398065885,6.03281044960022
QSO-clip,3,30,3333,100020,42,338.6253719518431,7.873183012008667
QSO-clip,3,30,3333,100020,43,332.0169715027957,7.673821449279785
QSO-clip,3,30,3333,100020,44,312.9429449424591,5.787371873855591
QSO-clip,3,30,3333,100020,45,374.8194644258391,5.9195098876953125
QSO-clip,3,30,3333,100020,46,332.2503601092867,8.341013669967651
QSO-clip,3,30,3333,100020,47,314.99047917765154,8.458400249481201
QSO-clip,3,30,3333,100020,48,420.662299628082,6.234888315200806
QSO-clip,3,30,3333,100020,49,347.97302982302796,5.989272356033325
QSO-clip,3,30,3333,100020,50,331.9555702539943,6.587825536727905
QSO-clip,3,30,3333,100020,51,331.86406998428527,6.6233274936676025
DE,3,30,3333,100020,42,397.1384885147188,17.693572998046875
DE,3,30,3333,100020,43,332.0520490773202,17.697745323181152
DE,3,30,3333,100020,44,331.8120859779315,18.74335026741028
DE,3,30,3333,100020,45,338.933193019049,18.559773921966553
DE,3,30,3333,100020,46,374.7098796502296,18.442798376083374
DE,3,30,3333,100020,47,346.578544214477,18.535687923431396
DE,3,30,3333,100020,48,321.3318769559523,18.09128499031067
DE,3,30,3333,100020,49,591.6472532090655,17.883934259414673
DE,3,30,3333,100020,50,332.8469317138579,17.899291276931763
DE,3,30,3333,100020,51,388.5629101148246,18.05064105987549
GWO,3,30,3333,100020,42,504.2709988421858,16.66326594352722
GWO,3,30,3333,100020,43,449.4262721565218,16.398340940475464
GWO,3,30,3333,100020,44,535.106890390103,16.303750038146973
GWO,3,30,3333,100020,45,558.2086910672047,16.76632332801819
GWO,3,30,3333,100020,46,438.7277295439853,16.43390941619873
GWO,3,30,3333,100020,47,437.48195025854295,16.331802129745483
GWO,3,30,3333,100020,48,450.5869371315453,16.448994636535645
GWO,3,30,3333,100020,49,436.08877898272283,15.933061122894287
GWO,3,30,3333,100020,50,540.9446760212676,16.774470329284668
GWO,3,30,3333,100020,51,485.37608795050073,16.655354738235474
HHO,3,30,3333,100020,42,377.6496487856914,18.5195631980896
HHO,3,30,3333,100020,43,333.9364673635352,18.024028062820435
HHO,3,30,3333,100020,44,385.5685764240119,18.7078914642334
HHO,3,30,3333,100020,45,393.2239985183342,18.246283531188965
HHO,3,30,3333,100020,46,384.6178252662552,18.065094709396362
HHO,3,30,3333,100020,47,317.3336715496726,17.788522481918335
HHO,3,30,3333,100020,48,382.4323081716634,18.751930952072144
HHO,3,30,3333,100020,49,332.4913342081547,17.954848527908325
HHO,3,30,3333,100020,50,332.4693844714504,18.33552122116089
HHO,3,30,3333,100020,51,374.021234198417,17.874927282333374
MPA,3,30,3333,100020,42,8221.435593955111,11.639050960540771
MPA,3,30,3333,100020,43,7499.938517073963,11.304251670837402
MPA,3,30,3333,100020,44,6164.148517670222,8.838062763214111
MPA,3,30,3333,100020,45,8016.146480506866,8.929316997528076
MPA,3,30,3333,100020,46,7729.6052083983295,11.77878212928772
MPA,3,30,3333,100020,47,7424.344590876204,11.567469835281372
MPA,3,30,3333,100020,48,6904.020876967537,11.438215970993042
MPA,3,30,3333,100020,49,7029.895976326122,11.334912776947021
MPA,3,30,3333,100020,50,6242.408789151651,9.386878728866577
MPA,3,30,3333,100020,51,8066.516909461579,9.25843620300293
PSO,3,30,3333,100020,42,437.0850998462207,7.4573073387146
PSO,3,30,3333,100020,43,336.42609869327606,7.682204484939575
PSO,3,30,3333,100020,44,343.34674511861436,5.59857702255249
PSO,3,30,3333,100020,45,333.1824302552031,5.530789375305176
PSO,3,30,3333,100020,46,360.44877659964067,5.359616041183472
PSO,3,30,3333,100020,47,366.0985993308249,5.302177429199219
PSO,3,30,3333,100020,48,330.85320750327867,7.528640985488892
PSO,3,30,3333,100020,49,418.70800478718206,7.043306350708008
PSO,3,30,3333,100020,50,468.74835800485107,5.039909839630127
PSO,3,30,3333,100020,51,393.3828150324641,5.100329875946045
QSO-time,4,30,3333,100020,42,543.3591548814017,6.478398084640503
QSO-time,4,30,3333,100020,43,557.3738351954769,6.4868004322052
QSO-time,4,30,3333,100020,44,588.5708262332503,7.087161302566528
QSO-time,4,30,3333,100020,45,557.7828514856254,6.747955560684204
QSO-time,4,30,3333,100020,46,635.5971185054102,5.450375080108643
QSO-time,4,30,3333,100020,47,643.3007649263993,5.489139080047607
QSO-time,4,30,3333,100020,48,603.755422900866,7.424914121627808
QSO-time,4,30,3333,100020,49,538.8133063745829,7.535364866256714
QSO-time,4,30,3333,100020,50,602.8619602118715,5.621476173400879
QSO-time,4,30,3333,100020,51,552.9335455677746,5.5424723625183105
QSO-stagnation,4,30,3333,100020,42,768.6911710746816,5.452106237411499
QSO-stagnation,4,30,3333,100020,43,718.8974121331445,5.5138163566589355
QSO-stagnation,4,30,3333,100020,44,696.8937066878184,8.041740417480469
QSO-stagnation,4,30,3333,100020,45,589.6655548732149,8.10425853729248
QSO-stagnation,4,30,3333,100020,46,667.6295710880268,5.477214097976685
QSO-stagnation,4,30,3333,100020,47,713.5888352411583,5.444844722747803
QSO-stagnation,4,30,3333,100020,48,681.0495097146561,6.6115076541900635
QSO-stagnation,4,30,3333,100020,49,621.5365145224649,6.862939357757568
QSO-stagnation,4,30,3333,100020,50,639.6215720053899,6.507810592651367
QSO-stagnation,4,30,3333,100020,51,787.7758973754801,6.42668890953064
QSO-diversity,4,30,3333,100020,42,10196.524960528921,5.3573877811431885
QSO-diversity,4,30,3333,100020,43,71306.09530939482,5.243635892868042
QSO-diversity,4,30,3333,100020,44,41060.53857043064,7.47216010093689
QSO-diversity,4,30,3333,100020,45,13878.264222262454,7.726425647735596
QSO-diversity,4,30,3333,100020,46,20666.19387656342,5.117225646972656
QSO-diversity,4,30,3333,100020,47,40412.3318539625,5.032050371170044
QSO-diversity,4,30,3333,100020,48,14142.384965954778,5.009807348251343
QSO-diversity,4,30,3333,100020,49,45422.8184901727,5.073468923568726
QSO-diversity,4,30,3333,100020,50,13238.956187310987,7.489926815032959
QSO-diversity,4,30,3333,100020,51,17382.036747355363,7.50919771194458
QSO-clip,4,30,3333,100020,42,545.4277023587138,4.904212713241577
QSO-clip,4,30,3333,100020,43,594.8952116448761,4.842419862747192
QSO-clip,4,30,3333,100020,44,584.3712736801249,5.3115997314453125
QSO-clip,4,30,3333,100020,45,584.0491558757838,5.302250862121582
QSO-clip,4,30,3333,100020,46,539.0666903008592,7.310087203979492
QSO-clip,4,30,3333,100020,47,572.3477119108265,7.0277321338653564
QSO-clip,4,30,3333,100020,48,610.8954613132089,4.863638162612915
QSO-clip,4,30,3333,100020,49,645.1967292083327,4.777027130126953
QSO-clip,4,30,3333,100020,50,644.0767485215831,5.8489155769348145
QSO-clip,4,30,3333,100020,51,580.3126829758903,5.655839681625366
DE,4,30,3333,100020,42,465.66697369176757,16.46111822128296
DE,4,30,3333,100020,43,430.8583890974311,16.57485818862915
DE,4,30,3333,100020,44,461.6875247236918,15.597959518432617
DE,4,30,3333,100020,45,529.3438351241003,15.982964515686035
DE,4,30,3333,100020,46,450.7427967881268,15.829421520233154
DE,4,30,3333,100020,47,444.773605329643,16.089141368865967
DE,4,30,3333,100020,48,449.7478873175785,15.702198028564453
DE,4,30,3333,100020,49,452.1195720650161,15.70619249343872
DE,4,30,3333,100020,50,449.7484494281075,16.572395086288452
DE,4,30,3333,100020,51,494.5209229317949,15.956505298614502
GWO,4,30,3333,100020,42,3837.7500640151916,15.239813804626465
GWO,4,30,3333,100020,43,1093.7174162695967,14.992270231246948
GWO,4,30,3333,100020,44,1786.2183247347014,15.317719459533691
GWO,4,30,3333,100020,45,5510.272566202461,14.958361387252808
GWO,4,30,3333,100020,46,3439.3937800788444,15.147515296936035
GWO,4,30,3333,100020,47,3790.5841714717867,15.086834907531738
GWO,4,30,3333,100020,48,1271.401492313391,14.856958627700806
GWO,4,30,3333,100020,49,1624.6840154871193,14.767289161682129
GWO,4,30,3333,100020,50,3183.7149086318695,15.072227478027344
GWO,4,30,3333,100020,51,3351.739692508169,14.810260534286499
HHO,4,30,3333,100020,42,1001.8622597814447,16.399147748947144
HHO,4,30,3333,100020,43,969.0452678356243,16.355862140655518
HHO,4,30,3333,100020,44,825.4015793599783,16.501515865325928
HHO,4,30,3333,100020,45,669.2647156607823,16.38716197013855
HHO,4,30,3333,100020,46,700.3554811954007,15.406450033187866
HHO,4,30,3333,100020,47,810.3879512722253,15.255590915679932
HHO,4,30,3333,100020,48,716.0720516595777,15.964016914367676
HHO,4,30,3333,100020,49,656.1080843016352,15.363882303237915
HHO,4,30,3333,100020,50,909.7133735275751,15.79099154472351
HHO,4,30,3333,100020,51,859.4413400374503,15.665498495101929
MPA,4,30,3333,100020,42,52452.49565148938,9.438068866729736
MPA,4,30,3333,100020,43,31108.27155368331,9.335057973861694
MPA,4,30,3333,100020,44,51680.97036248791,9.583220481872559
MPA,4,30,3333,100020,45,43482.48350255078,9.669048309326172
MPA,4,30,3333,100020,46,41574.751480400184,8.457990169525146
MPA,4,30,3333,100020,47,49809.395444754904,8.311265468597412
MPA,4,30,3333,100020,48,54557.134855742355,10.07016372680664
MPA,4,30,3333,100020,49,46453.974478768876,10.273832082748413
MPA,4,30,3333,100020,50,51557.869379999436,8.119289636611938
MPA,4,30,3333,100020,51,50129.32716207997,7.985002756118774
PSO,4,30,3333,100020,42,4174.621127172535,5.132995843887329
PSO,4,30,3333,100020,43,1901.9446785344023,5.0920891761779785
PSO,4,30,3333,100020,44,2087.900020159896,5.439121723175049
PSO,4,30,3333,100020,45,842.7498388839433,5.499061346054077
PSO,4,30,3333,100020,46,1786.1626146700967,3.9408376216888428
PSO,4,30,3333,100020,47,1108.5928176002049,3.9749932289123535
PSO,4,30,3333,100020,48,3513.459812331568,4.118681192398071
PSO,4,30,3333,100020,49,2873.2340998784452,4.109455585479736
PSO,4,30,3333,100020,50,1423.7184042524905,5.972253799438477
PSO,4,30,3333,100020,51,1421.701183066778,6.145317077636719
QSO-time,5,30,3333,100020,42,500.0001279095515,26.51089859008789
QSO-time,5,30,3333,100020,43,500.00110438523535,26.41114854812622
QSO-time,5,30,3333,100020,44,500.0000722182472,28.6802237033844
QSO-time,5,30,3333,100020,45,500.0000086761408,28.639320373535156
QSO-time,5,30,3333,100020,46,500.0000055461416,28.190709590911865
QSO-time,5,30,3333,100020,47,500.0000009519772,28.961058378219604
QSO-time,5,30,3333,100020,48,500.00263133554466,26.657195806503296
QSO-time,5,30,3333,100020,49,500.0000235836245,25.886950492858887
QSO-time,5,30,3333,100020,50,500.00026757760986,27.827187299728394
QSO-time,5,30,3333,100020,51,500.00009752760235,28.198164224624634
QSO-stagnation,5,30,3333,100020,42,500.00003606796173,26.229853630065918
QSO-stagnation,5,30,3333,100020,43,500.000598821073,26.676482915878296
QSO-stagnation,5,30,3333,100020,44,500.0004598378958,27.988275289535522
QSO-stagnation,5,30,3333,100020,45,500.0000009267345,26.888633728027344
QSO-stagnation,5,30,3333,100020,46,500.00124340982194,27.93771004676819
QSO-stagnation,5,30,3333,100020,47,500.0012905425325,28.495376110076904
QSO-stagnation,5,30,3333,100020,48,500.0020215177886,25.88638687133789
QSO-stagnation,5,30,3333,100020,49,500.00044251216883,25.713714599609375
QSO-stagnation,5,30,3333,100020,50,500.00004850311603,28.621272087097168
QSO-stagnation,5,30,3333,100020,51,500.0000470398685,28.6150803565979
QSO-diversity,5,30,3333,100020,42,500.0186447077514,28.33250856399536
QSO-diversity,5,30,3333,100020,43,500.0026143124728,29.18706965446472
QSO-diversity,5,30,3333,100020,44,500.0217428408977,25.830331802368164
QSO-diversity,5,30,3333,100020,45,500.0343768412961,25.97503161430359
QSO-diversity,5,30,3333,100020,46,500.0632189783567,28.587531328201294
QSO-diversity,5,30,3333,100020,47,500.05189735674713,28.517132997512817
QSO-diversity,5,30,3333,100020,48,500.0022233241917,26.11869978904724
QSO-diversity,5,30,3333,100020,49,500.009939141162,27.08293581008911
QSO-diversity,5,30,3333,100020,50,500.0031610936305,28.226667881011963
QSO-diversity,5,30,3333,100020,51,500.02051172835223,26.826820373535156
QSO-clip,5,30,3333,100020,42,500.0001790025263,28.869152307510376
QSO-clip,5,30,3333,100020,43,500.0000062587449,28.532432317733765
QSO-clip,5,30,3333,100020,44,500.0013034888556,26.66995668411255
QSO-clip,5,30,3333,100020,45,500.0000009282403,26.7171471118927
QSO-clip,5,30,3333,100020,46,500.00096062885416,27.350152492523193
QSO-clip,5,30,3333,100020,47,500.0003171158342,27.460637092590332
QSO-clip,5,30,3333,100020,48,500.00014845841747,28.913164854049683
QSO-clip,5,30,3333,100020,49,500.0000606748927,28.399003982543945
QSO-clip,5,30,3333,100020,50,500.0012454806598,25.789753437042236
QSO-clip,5,30,3333,100020,51,500.0000154107034,25.54323697090149
DE,5,30,3333,100020,42,500.000000012697,39.265615940093994
DE,5,30,3333,100020,43,500.0000002512892,39.89079713821411
DE,5,30,3333,100020,44,500.0000000196195,39.35112142562866
DE,5,30,3333,100020,45,500.0000002216308,38.81654214859009
DE,5,30,3333,100020,46,500.00000000050704,37.34552478790283
DE,5,30,3333,100020,47,500.00000007928514,37.45695757865906
DE,5,30,3333,100020,48,500.00000000608446,38.53507852554321
DE,5,30,3333,100020,49,500.0000007060172,38.366626024246216
DE,5,30,3333,100020,50,500.0000001865894,38.8238525390625
DE,5,30,3333,100020,51,500.00000009143093,38.54275918006897
GWO,5,30,3333,100020,42,500.00001230391814,36.233798027038574
GWO,5,30,3333,100020,43,500.00011478924773,35.898863554000854
GWO,5,30,3333,100020,44,500.00122846064136,35.18369174003601
GWO,5,30,3333,100020,45,500.0005807186016,34.83930444717407
GWO,5,30,3333,100020,46,500.0004941887892,35.01288294792175
GWO,5,30,3333,100020,47,500.0000424440513,35.305707931518555
GWO,5,30,3333,100020,48,500.0004028524796,36.92053747177124
GWO,5,30,3333,100020,49,500.0001806262815,36.17903137207031
GWO,5,30,3333,100020,50,500.00001596975807,37.64020299911499
GWO,5,30,3333,100020,51,500.0010104522265,37.6524932384491
HHO,5,30,3333,100020,42,500.00034661421853,55.22713756561279
HHO,5,30,3333,100020,43,500.0011103148409,55.05191349983215
HHO,5,30,3333,100020,44,500.00147291026167,54.07794237136841
HHO,5,30,3333,100020,45,500.00033456707166,53.64819955825806
HHO,5,30,3333,100020,46,500.00011244450985,55.504536151885986
HHO,5,30,3333,100020,47,500.0004094896966,55.157527685165405
HHO,5,30,3333,100020,48,500.0004007446916,57.005767822265625
HHO,5,30,3333,100020,49,500.0003545883331,56.50693416595459
HHO,5,30,3333,100020,50,500.00042579292545,54.22656750679016
HHO,5,30,3333,100020,51,500.00238233560526,54.44337272644043
MPA,5,30,3333,100020,42,500.02142490837844,30.849007606506348
MPA,5,30,3333,100020,43,500.02007461167887,30.319961309432983
MPA,5,30,3333,100020,44,500.0174784380013,30.980956554412842
MPA,5,30,3333,100020,45,500.0221725069893,30.648113250732422
MPA,5,30,3333,100020,46,500.02546263635935,28.64891529083252
MPA,5,30,3333,100020,47,500.0215793856956,29.184327125549316
MPA,5,30,3333,100020,48,500.0217785128181,30.898544549942017
MPA,5,30,3333,100020,49,500.01211265554963,30.60601830482483
MPA,5,30,3333,100020,50,500.02961178535827,30.71725296974182
MPA,5,30,3333,100020,51,500.0246711241794,30.57135558128357
PSO,5,30,3333,100020,42,500.0000121692175,27.03197741508484
PSO,5,30,3333,100020,43,500.0002721898641,27.343496322631836
PSO,5,30,3333,100020,44,500.00000901162537,24.556492567062378
PSO,5,30,3333,100020,45,500.0000134020037,24.447980165481567
PSO,5,30,3333,100020,46,500.000001328538,26.906529188156128
PSO,5,30,3333,100020,47,500.0000242745225,26.460306406021118
PSO,5,30,3333,100020,48,500.00077763082686,24.728253602981567
PSO,5,30,3333,100020,49,500.0002763322594,24.62995481491089
PSO,5,30,3333,100020,50,500.000181953266,27.37178373336792
PSO,5,30,3333,100020,51,500.0005918955364,27.182419061660767
QSO-time,6,30,3333,100020,42,833.6137527642808,9.356413841247559
QSO-time,6,30,3333,100020,43,823.3616469345977,9.224599838256836
QSO-time,6,30,3333,100020,44,807.8614668066416,11.398214340209961
QSO-time,6,30,3333,100020,45,928.1793984659823,11.557458400726318
QSO-time,6,30,3333,100020,46,813.118033873734,11.486658096313477
QSO-time,6,30,3333,100020,47,830.3479882534261,11.542869567871094
QSO-time,6,30,3333,100020,48,830.4443023241487,9.410292625427246
QSO-time,6,30,3333,100020,49,792.0765144586434,9.25673508644104
QSO-time,6,30,3333,100020,50,802.4709992419264,11.429964780807495
QSO-time,6,30,3333,100020,51,846.4197386660513,11.767681360244751
QSO-stagnation,6,30,3333,100020,42,861.5374006565968,11.836195468902588
QSO-stagnation,6,30,3333,100020,43,896.2233168181502,11.309129476547241
QSO-stagnation,6,30,3333,100020,44,984.9362745016404,10.074525833129883
QSO-stagnation,6,30,3333,100020,45,922.6104386986103,10.013732194900513
QSO-stagnation,6,30,3333,100020,46,911.8494204287613,11.831274271011353
QSO-stagnation,6,30,3333,100020,47,957.5993655088777,11.946921110153198
QSO-stagnation,6,30,3333,100020,48,874.8867401563095,10.900882959365845
QSO-stagnation,6,30,3333,100020,49,1029.3462458433912,11.59377932548523
QSO-stagnation,6,30,3333,100020,50,900.1420484133016,10.762917041778564
QSO-stagnation,6,30,3333,100020,51,922.2209248240678,10.541556119918823
QSO-diversity,6,30,3333,100020,42,513661.97596154327,12.111270666122437
QSO-diversity,6,30,3333,100020,43,1445901.8251042597,12.283093452453613
QSO-diversity,6,30,3333,100020,44,1498683.0457756587,12.40686559677124
QSO-diversity,6,30,3333,100020,45,1159.4594998139692,12.576719760894775
QSO-diversity,6,30,3333,100020,46,2467336.182870311,9.580330610275269
QSO-diversity,6,30,3333,100020,47,2783340.285708258,9.452395677566528
QSO-diversity,6,30,3333,100020,48,1590154.7551223168,11.75825834274292
QSO-diversity,6,30,3333,100020,49,4457.036014986773,11.580489158630371
QSO-diversity,6,30,3333,100020,50,1264340.5580313087,10.937918663024902
QSO-diversity,6,30,3333,100020,51,303334.200742266,11.184570550918579
QSO-clip,6,30,3333,100020,42,828.988769572895,9.995063781738281
QSO-clip,6,30,3333,100020,43,761.9332682663694,9.847920656204224
QSO-clip,6,30,3333,100020,44,863.0440927957216,11.648303508758545
QSO-clip,6,30,3333,100020,45,827.487869967131,11.84569001197815
QSO-clip,6,30,3333,100020,46,781.2983538870998,12.479498386383057
QSO-clip,6,30,3333,100020,47,801.0578415343648,12.679632902145386
QSO-clip,6,30,3333,100020,48,898.9215575422339,9.916435241699219
QSO-clip,6,30,3333,100020,49,871.430834781633,9.365216255187988
QSO-clip,6,30,3333,100020,50,777.0695111546659,11.781645774841309
QSO-clip,6,30,3333,100020,51,813.9774934300799,11.657167673110962
DE,6,30,3333,100020,42,681.226432655667,22.030217170715332
DE,6,30,3333,100020,43,653.8499684876101,22.031468868255615
DE,6,30,3333,100020,44,1011.4841712127213,21.413259983062744
DE,6,30,3333,100020,45,648.7531712159822,22.0592257976532
DE,6,30,3333,100020,46,734.4341448087275,21.32646107673645
DE,6,30,3333,100020,47,794.2088923894646,21.061026573181152
DE,6,30,3333,100020,48,817.9460234265177,20.157394647598267
DE,6,30,3333,100020,49,703.3138960449191,20.10198473930359
DE,6,30,3333,100020,50,736.1975175194051,20.828251123428345
DE,6,30,3333,100020,51,4756.896260630278,21.02833342552185
GWO,6,30,3333,100020,42,58464.22693479543,20.280312538146973
GWO,6,30,3333,100020,43,68082.12414332775,21.38285994529724
GWO,6,30,3333,100020,44,244320.08513346047,19.95809817314148
GWO,6,30,3333,100020,45,157725.09557452367,19.945526361465454
GWO,6,30,3333,100020,46,105955.55332545223,19.205562114715576
GWO,6,30,3333,100020,47,92423.61966644395,19.05196738243103
GWO,6,30,3333,100020,48,12317.431642662747,19.16387414932251
GWO,6,30,3333,100020,49,22406.573080131835,19.105502605438232
GWO,6,30,3333,100020,50,95178.03519356833,18.62854528427124
GWO,6,30,3333,100020,51,55167.4987280612,18.923106908798218
HHO,6,30,3333,100020,42,1451.6750486502813,23.84019160270691
HHO,6,30,3333,100020,43,1617.539975185755,25.71721363067627
HHO,6,30,3333,100020,44,1432.170080695696,24.245464324951172
HHO,6,30,3333,100020,45,1375.4396713309288,23.11483907699585
HHO,6,30,3333,100020,46,1558.9787170189243,24.64293885231018
HHO,6,30,3333,100020,47,1374.641002157043,25.73836898803711
HHO,6,30,3333,100020,48,1764.0559133643271,24.696899890899658
HHO,6,30,3333,100020,49,1402.4584828990046,23.59541964530945
HHO,6,30,3333,100020,50,1425.7696370027447,24.7186496257782
HHO,6,30,3333,100020,51,1455.897576666449,26.122961282730103
MPA,6,30,3333,100020,42,1792444.761980105,13.873982667922974
MPA,6,30,3333,100020,43,1612007.0549819577,12.6996750831604
MPA,6,30,3333,100020,44,2177841.4530325364,14.57072138786316
MPA,6,30,3333,100020,45,1029104.6279617437,14.10895323753357
MPA,6,30,3333,100020,46,1827679.7060726376,14.106204509735107
MPA,6,30,3333,100020,47,1764166.0039136328,14.23101282119751
MPA,6,30,3333,100020,48,1340889.8385457406,14.270313262939453
MPA,6,30,3333,100020,49,1972177.6830316982,14.482323408126831
MPA,6,30,3333,100020,50,1910331.8468716126,14.094372987747192
MPA,6,30,3333,100020,51,2039566.4811213815,14.27231740951538
PSO,6,30,3333,100020,42,52072.675762216626,8.409512281417847
PSO,6,30,3333,100020,43,338736.660385727,8.21892261505127
PSO,6,30,3333,100020,44,136635.26819092568,9.982738494873047
PSO,6,30,3333,100020,45,950.2134310797412,10.234015464782715
PSO,6,30,3333,100020,46,1223.8172878663731,7.961710453033447
PSO,6,30,3333,100020,47,267446.2772612788,8.494851350784302
PSO,6,30,3333,100020,48,87137.64692668422,10.534514427185059
PSO,6,30,3333,100020,49,71422.42298137367,9.903143644332886
PSO,6,30,3333,100020,50,86048.8149695522,8.330776929855347
PSO,6,30,3333,100020,51,310205.4332837263,9.143955707550049
QSO-time,9,30,3333,100020,42,-565.8455736185697,21.370447158813477
QSO-time,9,30,3333,100020,43,-1239.9619516471994,21.281874656677246
QSO-time,9,30,3333,100020,44,-432.09130243238906,20.200440883636475
QSO-time,9,30,3333,100020,45,-826.9958692554301,20.178354501724243
QSO-time,9,30,3333,100020,46,-1697.3912395732532,19.518836498260498
QSO-time,9,30,3333,100020,47,-1344.9984228391077,18.633144855499268
QSO-time,9,30,3333,100020,48,-1164.5413092366143,19.658684015274048
QSO-time,9,30,3333,100020,49,-2121.29271614567,19.212164163589478
QSO-time,9,30,3333,100020,50,-1446.729435537749,19.709017515182495
QSO-time,9,30,3333,100020,51,-561.1726844344921,20.185033082962036
QSO-stagnation,9,30,3333,100020,42,4152.864899791071,23.072389602661133
QSO-stagnation,9,30,3333,100020,43,2018.2400414527747,23.139726400375366
QSO-stagnation,9,30,3333,100020,44,3926.533844955673,21.043277263641357
QSO-stagnation,9,30,3333,100020,45,2730.397342954684,21.24297571182251
QSO-stagnation,9,30,3333,100020,46,2462.052822339754,20.07766556739807
QSO-stagnation,9,30,3333,100020,47,1877.0837284052268,19.355435848236084
QSO-stagnation,9,30,3333,100020,48,2281.725230068456,20.881071090698242
QSO-stagnation,9,30,3333,100020,49,1924.6652414140372,21.28508234024048
QSO-stagnation,9,30,3333,100020,50,1235.6985603709454,23.301101446151733
QSO-stagnation,9,30,3333,100020,51,3042.268767356345,22.91798186302185
QSO-diversity,9,30,3333,100020,42,2118.9097999848545,19.064321756362915
QSO-diversity,9,30,3333,100020,43,-1265.1219525343258,18.60771346092224
QSO-diversity,9,30,3333,100020,44,3903.7124099722114,18.90023946762085
QSO-diversity,9,30,3333,100020,45,1170.6137266857677,19.032490253448486
QSO-diversity,9,30,3333,100020,46,1455.241776596391,19.101162672042847
QSO-diversity,9,30,3333,100020,47,-1525.1187260161805,19.04719114303589
QSO-diversity,9,30,3333,100020,48,-1194.7094338322477,18.726429224014282
QSO-diversity,9,30,3333,100020,49,-1238.5074734363188,19.08804488182068
QSO-diversity,9,30,3333,100020,50,17.046548705373425,19.732664823532104
QSO-diversity,9,30,3333,100020,51,714.324296355906,18.634045124053955
QSO-clip,9,30,3333,100020,42,-2486.5614484448033,20.96747064590454
QSO-clip,9,30,3333,100020,43,-98.13072771728912,20.228092908859253
QSO-clip,9,30,3333,100020,44,-645.8435154113031,20.772330045700073
QSO-clip,9,30,3333,100020,45,723.4971773672714,20.61906909942627
QSO-clip,9,30,3333,100020,46,-740.0988015307721,19.430521249771118
QSO-clip,9,30,3333,100020,47,-1264.6343797626123,19.57719397544861
QSO-clip,9,30,3333,100020,48,207.50072348680078,19.500131845474243
QSO-clip,9,30,3333,100020,49,-654.9659602597203,19.57274580001831
QSO-clip,9,30,3333,100020,50,-265.8147382169682,19.980949878692627
QSO-clip,9,30,3333,100020,51,-2632.0630590681612,19.037441730499268
DE,9,30,3333,100020,42,-2872.3762476260963,31.248672246932983
DE,9,30,3333,100020,43,2946.866571753111,31.09561562538147
DE,9,30,3333,100020,44,-3071.9629020138855,31.174526691436768
DE,9,30,3333,100020,45,1596.1428676715223,31.123576402664185
DE,9,30,3333,100020,46,2012.9508718436646,32.21715235710144
DE,9,30,3333,100020,47,-1174.1054100117126,31.439123392105103
DE,9,30,3333,100020,48,2513.767732097165,32.77900052070618
DE,9,30,3333,100020,49,-2779.756143712175,32.995506048202515
DE,9,30,3333,100020,50,1121.6223281126477,31.72964119911194
DE,9,30,3333,100020,51,-3462.6058546193926,31.751745223999023
GWO,9,30,3333,100020,42,3077.7685371742646,27.935866117477417
GWO,9,30,3333,100020,43,-1377.4549522061916,28.71351981163025
GWO,9,30,3333,100020,44,4354.637175386477,27.681884288787842
GWO,9,30,3333,100020,45,2971.6948664740685,26.70350480079651
GWO,9,30,3333,100020,46,604.2553801787653,28.93668842315674
GWO,9,30,3333,100020,47,2200.73437343747,29.076020002365112
GWO,9,30,3333,100020,48,-1095.9893520815658,28.612357139587402
GWO,9,30,3333,100020,49,2745.8409134323265,27.816038370132446
GWO,9,30,3333,100020,50,3608.4246215748044,26.697765588760376
GWO,9,30,3333,100020,51,-1607.088088723929,27.097524642944336
HHO,9,30,3333,100020,42,-3293.7496332369483,44.03331160545349
HHO,9,30,3333,100020,43,-685.276408087333,45.072367429733276
HHO,9,30,3333,100020,44,-2453.860157538358,40.1629204750061
HHO,9,30,3333,100020,45,-4066.854358275843,38.462061405181885
HHO,9,30,3333,100020,46,-3685.0724133751537,42.38642334938049
HHO,9,30,3333,100020,47,-2774.047144834065,41.2053587436676
HHO,9,30,3333,100020,48,-2480.0170290205624,43.14477324485779
HHO,9,30,3333,100020,49,-2761.842450971286,42.36540389060974
HHO,9,30,3333,100020,50,-2192.1239799678588,44.182628870010376
HHO,9,30,3333,100020,51,-2673.834468573723,43.19050741195679
MPA,9,30,3333,100020,42,4054.341594457059,22.413291931152344
MPA,9,30,3333,100020,43,3351.1500703120237,22.196094751358032
MPA,9,30,3333,100020,44,4485.769009596961,23.255459308624268
MPA,9,30,3333,100020,45,4001.4532984593443,23.205031633377075
MPA,9,30,3333,100020,46,4080.7484001947923,24.016830444335938
MPA,9,30,3333,100020,47,3166.6725398024555,23.639286994934082
MPA,9,30,3333,100020,48,3250.560569305513,22.288794994354248
MPA,9,30,3333,100020,49,4167.455161801563,22.05464768409729
MPA,9,30,3333,100020,50,2674.570186749277,25.572405099868774
MPA,9,30,3333,100020,51,3649.4038910715226,25.019933700561523
PSO,9,30,3333,100020,42,-2175.8212030923987,17.509799003601074
PSO,9,30,3333,100020,43,94.58966207515368,18.13570475578308
PSO,9,30,3333,100020,44,-1006.2884587195949,17.56703495979309
PSO,9,30,3333,100020,45,-2998.324316936767,17.76990532875061
PSO,9,30,3333,100020,46,-1294.8504168831005,18.096166610717773
PSO,9,30,3333,100020,47,-1839.408019346296,17.891180515289307
PSO,9,30,3333,100020,48,-2273.3175519884153,17.673123121261597
PSO,9,30,3333,100020,49,-2088.019486697309,17.79739284515381
PSO,9,30,3333,100020,50,-2139.7727152314255,17.720483779907227
PSO,9,30,3333,100020,51,-2846.5738503337398,17.93239951133728
QSO-time,10,30,3333,100020,42,14055.056545570502,14.282111167907715
QSO-time,10,30,3333,100020,43,3525.2310974403135,14.124072313308716
QSO-time,10,30,3333,100020,44,4795.007387516791,12.536657333374023
QSO-time,10,30,3333,100020,45,12200.768069236878,13.036174774169922
QSO-time,10,30,3333,100020,46,7090.725533696423,13.27140998840332
QSO-time,10,30,3333,100020,47,29275.562190737197,12.722062826156616
QSO-time,10,30,3333,100020,48,2735.557226850776,14.170024156570435
QSO-time,10,30,3333,100020,49,5059.696316616752,13.692226648330688
QSO-time,10,30,3333,100020,50,3594.5542087797958,13.77958631515503
QSO-time,10,30,3333,100020,51,24380.074762486336,14.08810043334961
QSO-stagnation,10,30,3333,100020,42,9026.292532949908,13.94322943687439
QSO-stagnation,10,30,3333,100020,43,2932.469492435333,14.213729619979858
QSO-stagnation,10,30,3333,100020,44,5722.890777379538,14.190763711929321
QSO-stagnation,10,30,3333,100020,45,12524.26296830679,13.949702024459839
QSO-stagnation,10,30,3333,100020,46,6515.449626889581,13.061526536941528
QSO-stagnation,10,30,3333,100020,47,27954.525993984324,13.540079832077026
QSO-stagnation,10,30,3333,100020,48,2271.0901736314395,12.787951707839966
QSO-stagnation,10,30,3333,100020,49,5617.603592679232,12.644476652145386
QSO-stagnation,10,30,3333,100020,50,3240.7688790541915,13.829288959503174
QSO-stagnation,10,30,3333,100020,51,18871.08139682208,14.1496102809906
QSO-diversity,10,30,3333,100020,42,151662.5842977608,14.029050350189209
QSO-diversity,10,30,3333,100020,43,39824.96055491094,13.897273540496826
QSO-diversity,10,30,3333,100020,44,54506.3954110365,13.981643915176392
QSO-diversity,10,30,3333,100020,45,145733.27258308447,14.0757896900177
QSO-diversity,10,30,3333,100020,46,75174.07970823545,13.084356784820557
QSO-diversity,10,30,3333,100020,47,231329.86311925977,13.944352388381958
QSO-diversity,10,30,3333,100020,48,48551.83104746968,12.694645404815674
QSO-diversity,10,30,3333,100020,49,104304.75072166986,12.561967849731445
QSO-diversity,10,30,3333,100020,50,24348.402024364095,13.954200029373169
QSO-diversity,10,30,3333,100020,51,127367.6821153826,13.455076694488525
QSO-clip,10,30,3333,100020,42,26671.906631989907,13.753429174423218
QSO-clip,10,30,3333,100020,43,20441.681272180685,13.40503740310669
QSO-clip,10,30,3333,100020,44,15646.664968897208,13.411285161972046
QSO-clip,10,30,3333,100020,45,14784.512753751807,13.3968186378479
QSO-clip,10,30,3333,100020,46,5590.710652030775,12.051353454589844
QSO-clip,10,30,3333,100020,47,5990.295488587268,13.137012243270874
QSO-clip,10,30,3333,100020,48,2043.4429550744728,12.59072470664978
QSO-clip,10,30,3333,100020,49,5762.860809648682,11.58651852607727
QSO-clip,10,30,3333,100020,50,4706.565063838702,13.431944370269775
QSO-clip,10,30,3333,100020,51,15055.691188935009,13.145630121231079
DE,10,30,3333,100020,42,6212.290524252403,23.97742772102356
DE,10,30,3333,100020,43,9836.56459975832,23.1966233253479
DE,10,30,3333,100020,44,8395.428803258274,24.225588083267212
DE,10,30,3333,100020,45,2928.433371378569,23.953505039215088
DE,10,30,3333,100020,46,2245.1507028551946,23.115260124206543
DE,10,30,3333,100020,47,23633.196234933923,22.58488917350769
DE,10,30,3333,100020,48,4788.658796372051,25.466118097305298
DE,10,30,3333,100020,49,7369.270402901533,25.31579875946045
DE,10,30,3333,100020,50,19996.310449038905,22.650649785995483
DE,10,30,3333,100020,51,19964.41216746954,22.76667547225952
GWO,10,30,3333,100020,42,109567.38506593864,21.340288162231445
GWO,10,30,3333,100020,43,125928.09901171469,21.462734937667847
GWO,10,30,3333,100020,44,144025.71181091876,24.062525272369385
GWO,10,30,3333,100020,45,124764.1420869396,23.911385774612427
GWO,10,30,3333,100020,46,98871.00356719695,21.522897720336914
GWO,10,30,3333,100020,47,147098.9840682598,21.02415180206299
GWO,10,30,3333,100020,48,59819.418169305085,20.385751247406006
GWO,10,30,3333,100020,49,111172.21373038158,21.303252458572388
GWO,10,30,3333,100020,50,97902.43148997371,22.166613340377808
GWO,10,30,3333,100020,51,65414.35633563518,22.20904779434204
HHO,10,30,3333,100020,42,9515.259360020607,28.36107110977173
HHO,10,30,3333,100020,43,7089.961739104143,28.271872520446777
HHO,10,30,3333,100020,44,10317.822848338012,30.270559787750244
HHO,10,30,3333,100020,45,15003.09516648079,29.684043645858765
HHO,10,30,3333,100020,46,28551.97290812389,29.564733505249023
HHO,10,30,3333,100020,47,20120.60581717126,29.091141939163208
HHO,10,30,3333,100020,48,3261.9147175881635,29.023455142974854
HHO,10,30,3333,100020,49,18297.532324786953,28.261915922164917
HHO,10,30,3333,100020,50,10966.069037168143,29.3031964302063
HHO,10,30,3333,100020,51,59405.16336125442,28.65282154083252
MPA,10,30,3333,100020,42,9112135.169825736,16.355264902114868
MPA,10,30,3333,100020,43,4194807.8803328695,16.59056305885315
MPA,10,30,3333,100020,44,6598978.162272374,16.365081071853638
MPA,10,30,3333,100020,45,27107772.971681338,16.466482162475586
MPA,10,30,3333,100020,46,14163986.467028322,17.255021572113037
MPA,10,30,3333,100020,47,14708025.192539005,16.972968339920044
MPA,10,30,3333,100020,48,29180829.107490465,17.02228593826294
MPA,10,30,3333,100020,49,31518349.768512405,17.144340991973877
MPA,10,30,3333,100020,50,15458596.512700118,17.151376247406006
MPA,10,30,3333,100020,51,8075070.809270754,16.891725301742554
PSO,10,30,3333,100020,42,55026.82822561944,12.891714334487915
PSO,10,30,3333,100020,43,6025.0528570304605,12.947507381439209
PSO,10,30,3333,100020,44,92365.48138616084,13.205100059509277
PSO,10,30,3333,100020,45,135828.42429296384,12.862299680709839
PSO,10,30,3333,100020,46,8362.262216862446,11.147997856140137
PSO,10,30,3333,100020,47,183151.30920787703,11.549488306045532
PSO,10,30,3333,100020,48,49563.80120312312,11.247700452804565
PSO,10,30,3333,100020,49,2572.0575691232525,11.40187120437622
PSO,10,30,3333,100020,50,36490.85599482553,12.259214878082275
PSO,10,30,3333,100020,51,86227.11544490626,12.244527816772461
QSO-time,21,30,3333,100020,42,2169.55515140734,38.50488471984863
QSO-time,21,30,3333,100020,43,2173.6533902309156,38.13389801979065
QSO-time,21,30,3333,100020,44,54.79988188188372,44.13534116744995
QSO-time,21,30,3333,100020,45,2095.501505861783,45.16939949989319
QSO-time,21,30,3333,100020,46,2106.4760446504433,44.497052907943726
QSO-time,21,30,3333,100020,47,2186.2220533977147,45.02108144760132
QSO-time,21,30,3333,100020,48,1312.4090664839173,41.20498824119568
QSO-time,21,30,3333,100020,49,2127.3622745169796,41.41778898239136
QSO-time,21,30,3333,100020,50,2153.678913010299,40.83368539810181
QSO-time,21,30,3333,100020,51,2068.6352019399974,40.62732815742493
QSO-stagnation,21,30,3333,100020,42,2255.691520033584,44.16666293144226
QSO-stagnation,21,30,3333,100020,43,2258.4024953255325,45.196863412857056
QSO-stagnation,21,30,3333,100020,44,3080.155850430633,39.61998724937439
QSO-stagnation,21,30,3333,100020,45,2385.344899519747,40.86099600791931
QSO-stagnation,21,30,3333,100020,46,2289.079448231967,42.5094895362854
QSO-stagnation,21,30,3333,100020,47,2322.8830578585425,43.778196811676025
QSO-stagnation,21,30,3333,100020,48,3207.8942107783146,43.07922124862671
QSO-stagnation,21,30,3333,100020,49,2306.01478827211,42.58232402801514
QSO-stagnation,21,30,3333,100020,50,2317.071472513896,41.866544008255005
QSO-stagnation,21,30,3333,100020,51,2291.3345500807773,42.354836225509644
QSO-diversity,21,30,3333,100020,42,1905.2439600098342,38.40129566192627
QSO-diversity,21,30,3333,100020,43,1431.9681389942007,38.126619815826416
QSO-diversity,21,30,3333,100020,44,-34.54062969794995,37.865768909454346
QSO-diversity,21,30,3333,100020,45,3611.7873157509757,40.99787259101868
QSO-diversity,21,30,3333,100020,46,3764.5615195044966,40.29576587677002
QSO-diversity,21,30,3333,100020,47,4611.006865737204,38.62166452407837
QSO-diversity,21,30,3333,100020,48,2711.89426017103,39.114912271499634
QSO-diversity,21,30,3333,100020,49,3211.753084995228,38.8615357875824
QSO-diversity,21,30,3333,100020,50,4032.9837088381337,38.16884970664978
QSO-diversity,21,30,3333,100020,51,2143.0951913668073,39.36828303337097
QSO-clip,21,30,3333,100020,42,2166.1495509253095,41.063196897506714
QSO-clip,21,30,3333,100020,43,1478.977689744017,39.263203859329224
QSO-clip,21,30,3333,100020,44,908.4766059871677,40.27214217185974
QSO-clip,21,30,3333,100020,45,2112.668833766176,42.234086751937866
QSO-clip,21,30,3333,100020,46,2174.65416686793,41.646992683410645
QSO-clip,21,30,3333,100020,47,2195.615895330471,40.96612739562988
QSO-clip,21,30,3333,100020,48,1670.0240807404193,38.06008839607239
QSO-clip,21,30,3333,100020,49,-277.74158871195414,38.58332061767578
QSO-clip,21,30,3333,100020,50,2193.2150561535545,38.48831295967102
QSO-clip,21,30,3333,100020,51,550.423865252181,40.00461721420288
DE,21,30,3333,100020,42,2187.1949319875503,52.17222213745117
DE,21,30,3333,100020,43,2196.4049443784434,50.454790353775024
DE,21,30,3333,100020,44,2192.5943893100502,51.65859293937683
DE,21,30,3333,100020,45,2197.1642859402355,50.999491691589355
DE,21,30,3333,100020,46,2188.8197666706856,52.0837345123291
DE,21,30,3333,100020,47,1764.4109254428809,52.6485059261322
DE,21,30,3333,100020,48,2176.6204541731254,50.42229413986206
DE,21,30,3333,100020,49,2198.2455526664507,51.50964832305908
DE,21,30,3333,100020,50,2193.878636009705,50.581655979156494
DE,21,30,3333,100020,51,2141.7792790998924,51.23937106132507
GWO,21,30,3333,100020,42,2230.1212407714224,46.84310460090637
GWO,21,30,3333,100020,43,2235.113869347728,46.46892786026001
GWO,21,30,3333,100020,44,2199.8167856226187,48.431225299835205
GWO,21,30,3333,100020,45,2195.090059645282,49.24275827407837
GWO,21,30,3333,100020,46,2163.644856851385,49.80942988395691
GWO,21,30,3333,100020,47,2191.779413921578,49.468897581100464
GWO,21,30,3333,100020,48,2214.307475061865,48.85097527503967
GWO,21,30,3333,100020,49,2261.8393379880204,48.809630393981934
GWO,21,30,3333,100020,50,2302.3519503763214,49.91807436943054
GWO,21,30,3333,100020,51,2288.0927667925844,48.83915591239929
HHO,21,30,3333,100020,42,627.5961460268395,75.15329575538635
HHO,21,30,3333,100020,43,827.5896079942875,74.806804895401
HHO,21,30,3333,100020,44,-5347.714214203571,74.5944676399231
HHO,21,30,3333,100020,45,-650.9804441709211,75.69990539550781
HHO,21,30,3333,100020,46,-760.1885895791238,74.73429250717163
HHO,21,30,3333,100020,47,-751.6852878247128,72.14325451850891
HHO,21,30,3333,100020,48,-5568.3359991863435,79.22655153274536
HHO,21,30,3333,100020,49,749.4927792804624,79.86652159690857
HHO,21,30,3333,100020,50,649.0191958692828,75.67213320732117
HHO,21,30,3333,100020,51,-2770.8577630998443,75.45397901535034
MPA,21,30,3333,100020,42,3894.3425911591544,43.89654850959778
MPA,21,30,3333,100020,43,3202.364144402565,43.87142729759216
MPA,21,30,3333,100020,44,3447.1805926210136,42.273672342300415
MPA,21,30,3333,100020,45,2735.2904854626463,43.32418704032898
MPA,21,30,3333,100020,46,2810.219676769565,42.453887939453125
MPA,21,30,3333,100020,47,3476.457504253555,42.46212315559387
MPA,21,30,3333,100020,48,3338.59050477006,43.21998333930969
MPA,21,30,3333,100020,49,3138.518017978462,44.50647163391113
MPA,21,30,3333,100020,50,3015.97619356231,45.09294104576111
MPA,21,30,3333,100020,51,2973.3628684195464,43.4230523109436
PSO,21,30,3333,100020,42,2158.288862266358,36.851557970047
PSO,21,30,3333,100020,43,1754.9935541115651,38.54716515541077
PSO,21,30,3333,100020,44,1186.3579903609257,39.764389514923096
PSO,21,30,3333,100020,45,2257.657414800932,39.484142780303955
PSO,21,30,3333,100020,46,1937.4472582368678,38.273500204086304
PSO,21,30,3333,100020,47,1077.778954745996,37.762826681137085
PSO,21,30,3333,100020,48,2222.986516442151,37.57538151741028
PSO,21,30,3333,100020,49,-38.93646804474656,38.713072061538696
PSO,21,30,3333,100020,50,2218.2383724712718,40.66172695159912
PSO,21,30,3333,100020,51,2025.1882328731324,40.058473110198975
QSO-time,23,30,3333,100020,42,2500.5590551578052,34.800944805145264
QSO-time,23,30,3333,100020,43,2500.5271347944285,34.271605491638184
QSO-time,23,30,3333,100020,44,2500.723400925906,34.37981557846069
QSO-time,23,30,3333,100020,45,2500.2721241362437,34.38147687911987
QSO-time,23,30,3333,100020,46,2500.496740681289,32.91119956970215
QSO-time,23,30,3333,100020,47,2500.5155501777645,33.49496936798096
QSO-time,23,30,3333,100020,48,2500.474158055689,32.96305561065674
QSO-time,23,30,3333,100020,49,2500.5692444012193,33.54799127578735
QSO-time,23,30,3333,100020,50,2756.843946582926,32.81681156158447
QSO-time,23,30,3333,100020,51,2500.593381693532,33.19487261772156
QSO-stagnation,23,30,3333,100020,42,2557.511759428318,33.68616056442261
QSO-stagnation,23,30,3333,100020,43,2557.1458255811212,34.395302534103394
QSO-stagnation,23,30,3333,100020,44,2550.2951035096025,33.57335042953491
QSO-stagnation,23,30,3333,100020,45,2552.3038733753788,34.06930661201477
QSO-stagnation,23,30,3333,100020,46,2552.583626590757,33.98172473907471
QSO-stagnation,23,30,3333,100020,47,2552.5726934400477,33.67879605293274
QSO-stagnation,23,30,3333,100020,48,2566.157665144088,33.71693015098572
QSO-stagnation,23,30,3333,100020,49,2573.3128446308647,33.80213785171509
QSO-stagnation,23,30,3333,100020,50,2872.3254399098846,33.25042152404785
QSO-stagnation,23,30,3333,100020,51,2413.302282569753,33.94710946083069
QSO-diversity,23,30,3333,100020,42,7012.128953223352,35.33571124076843
QSO-diversity,23,30,3333,100020,43,7489.570904950983,37.28340697288513
QSO-diversity,23,30,3333,100020,44,6873.135062220942,36.44398498535156
QSO-diversity,23,30,3333,100020,45,2555.146647737808,37.425729751586914
QSO-diversity,23,30,3333,100020,46,20354.89453054758,34.16302013397217
QSO-diversity,23,30,3333,100020,47,23214.73384564893,33.925405979156494
QSO-diversity,23,30,3333,100020,48,2663.224545429192,34.763603925704956
QSO-diversity,23,30,3333,100020,49,16506.88338286303,35.61179566383362
QSO-diversity,23,30,3333,100020,50,4130.945871165512,36.24940586090088
QSO-diversity,23,30,3333,100020,51,2903.0351197320183,36.270187854766846
QSO-clip,23,30,3333,100020,42,2751.4346196584797,35.33584976196289
QSO-clip,23,30,3333,100020,43,2500.826924258546,34.76058506965637
QSO-clip,23,30,3333,100020,44,2500.933913398334,37.89010787010193
QSO-clip,23,30,3333,100020,45,2500.769863270707,36.82322382926941
QSO-clip,23,30,3333,100020,46,2500.4858507271415,35.9562771320343
QSO-clip,23,30,3333,100020,47,2500.4359925218137,35.16417694091797
QSO-clip,23,30,3333,100020,48,2500.554021426075,34.723769664764404
QSO-clip,23,30,3333,100020,49,2500.774221136011,35.066277265548706
QSO-clip,23,30,3333,100020,50,2500.9087051456927,34.69181203842163
QSO-clip,23,30,3333,100020,51,2744.791538396242,35.152000427246094
DE,23,30,3333,100020,42,4575.195257861533,46.920690298080444
DE,23,30,3333,100020,43,3486.702137617487,46.867305755615234
DE,23,30,3333,100020,44,2500.013614311474,45.117666721343994
DE,23,30,3333,100020,45,2500.0008918999947,46.81998825073242
DE,23,30,3333,100020,46,2785.438563975112,44.837291955947876
DE,23,30,3333,100020,47,3065.489722817731,46.90882754325867
DE,23,30,3333,100020,48,5356.2590718516185,47.71510672569275
DE,23,30,3333,100020,49,2500.000127069846,49.2392840385437
DE,23,30,3333,100020,50,2710.95010480953,46.19645977020264
DE,23,30,3333,100020,51,2500.0525465247006,45.82467031478882
GWO,23,30,3333,100020,42,3451.466656183118,41.7944450378418
GWO,23,30,3333,100020,43,3667.2564835552776,40.41903853416443
GWO,23,30,3333,100020,44,3368.2706241961296,41.44091510772705
GWO,23,30,3333,100020,45,9872.564038040982,42.729827880859375
GWO,23,30,3333,100020,46,3346.3618709180546,39.785401821136475
GWO,23,30,3333,100020,47,4974.184793191226,40.41810083389282
GWO,23,30,3333,100020,48,3992.277370561089,42.09386134147644
GWO,23,30,3333,100020,49,5611.932908614672,41.39112973213196
GWO,23,30,3333,100020,50,3771.4663289345153,40.3491427898407
GWO,23,30,3333,100020,51,5042.576089882778,40.785340785980225
HHO,23,30,3333,100020,42,2746.7713658167886,66.29264569282532
HHO,23,30,3333,100020,43,2713.7354393057794,67.69844031333923
HHO,23,30,3333,100020,44,2717.2837922192657,69.78272294998169
HHO,23,30,3333,100020,45,2723.847690800268,70.39248967170715
HHO,23,30,3333,100020,46,2704.7506252447874,66.47663283348083
HHO,23,30,3333,100020,47,2694.5635874789823,66.7656319141388
HHO,23,30,3333,100020,48,2737.476424941076,65.85819911956787
HHO,23,30,3333,100020,49,2737.854523934847,66.86558794975281
HHO,23,30,3333,100020,50,2750.0370092883636,68.09714484214783
HHO,23,30,3333,100020,51,2719.2950559978235,67.88408946990967
MPA,23,30,3333,100020,42,27090.24801513955,36.11112451553345
MPA,23,30,3333,100020,43,28849.509470353023,27.37823224067688
MPA,23,30,3333,100020,44,30833.496991233766,38.855958461761475
MPA,23,30,3333,100020,45,27458.78661442706,38.37319469451904
MPA,23,30,3333,100020,46,31580.89368045292,35.27478051185608
MPA,23,30,3333,100020,47,29125.18548657108,36.20592212677002
MPA,23,30,3333,100020,48,30576.86578804757,35.83010268211365
MPA,23,30,3333,100020,49,30241.08667606163,35.912354946136475
MPA,23,30,3333,100020,50,20745.69764054499,35.98713517189026
MPA,23,30,3333,100020,51,30320.363697542736,35.70121765136719
PSO,23,30,3333,100020,42,3483.437396158853,32.17971587181091
PSO,23,30,3333,100020,43,6473.869161953399,31.838584899902344
PSO,23,30,3333,100020,44,6263.457692640907,31.820740222930908
PSO,23,30,3333,100020,45,2500.000000000002,31.962021112442017
PSO,23,30,3333,100020,46,5428.913288710575,31.65741801261902
PSO,23,30,3333,100020,47,7856.823907710073,32.26531672477722
PSO,23,30,3333,100020,48,8039.788465954269,33.49700856208801
PSO,23,30,3333,100020,49,6847.503381498792,33.383628845214844
PSO,23,30,3333,100020,50,9689.128790002555,33.772141218185425
PSO,23,30,3333,100020,51,4415.681538983604,33.49514722824097
QSO-time,25,30,3333,100020,42,3269.068945949161,157.89449882507324
QSO-time,25,30,3333,100020,43,3225.088343021156,158.3344748020172
QSO-time,25,30,3333,100020,44,3336.0389812859457,169.12170004844666
QSO-time,25,30,3333,100020,45,3376.1625932366533,170.44175672531128
QSO-time,25,30,3333,100020,46,3481.3095282654313,160.1499764919281
QSO-time,25,30,3333,100020,47,3246.9134191052817,159.87902879714966
QSO-time,25,30,3333,100020,48,3300.7285368338685,157.78646421432495
QSO-time,25,30,3333,100020,49,3388.8588904863677,161.40982961654663
QSO-time,25,30,3333,100020,50,3319.177665746215,168.69153094291687
QSO-time,25,30,3333,100020,51,3397.1419105086115,170.18964648246765
QSO-stagnation,25,30,3333,100020,42,3387.0475968597893,167.3204743862152
QSO-stagnation,25,30,3333,100020,43,3277.239125591906,167.45575952529907
QSO-stagnation,25,30,3333,100020,44,3373.274315058683,168.0816912651062
QSO-stagnation,25,30,3333,100020,45,3310.065474580424,168.21402835845947
QSO-stagnation,25,30,3333,100020,46,3475.3129940030094,175.45118856430054
QSO-stagnation,25,30,3333,100020,47,3293.188555618596,174.5237078666687
QSO-stagnation,25,30,3333,100020,48,3432.2062602494416,168.78452491760254
QSO-stagnation,25,30,3333,100020,49,3409.1002461151684,168.44952058792114
QSO-stagnation,25,30,3333,100020,50,3360.3817620601567,160.14264917373657
QSO-stagnation,25,30,3333,100020,51,3407.749748872996,157.96888089179993
QSO-diversity,25,30,3333,100020,42,6916.306430612013,165.28855848312378
QSO-diversity,25,30,3333,100020,43,4028.873461670224,162.52045679092407
QSO-diversity,25,30,3333,100020,44,3863.6283636404323,155.7507336139679
QSO-diversity,25,30,3333,100020,45,3639.075162905408,157.16990971565247
QSO-diversity,25,30,3333,100020,46,4781.087214443889,158.52871227264404
QSO-diversity,25,30,3333,100020,47,3709.989966146625,155.64298915863037
QSO-diversity,25,30,3333,100020,48,5531.09333047586,158.31121110916138
QSO-diversity,25,30,3333,100020,49,8192.515914394024,158.2745430469513
QSO-diversity,25,30,3333,100020,50,11937.93388357919,168.10962414741516
QSO-diversity,25,30,3333,100020,51,7462.403801867807,166.91307997703552
QSO-clip,25,30,3333,100020,42,3362.592886341016,162.97006940841675
QSO-clip,25,30,3333,100020,43,3442.360093652175,163.92588806152344
QSO-clip,25,30,3333,100020,44,3347.8740461493585,164.4740092754364
QSO-clip,25,30,3333,100020,45,3349.1588854200636,163.84872674942017
QSO-clip,25,30,3333,100020,46,3334.2689396290043,163.4174370765686
QSO-clip,25,30,3333,100020,47,3288.7608776234138,163.33335733413696
QSO-clip,25,30,3333,100020,48,3268.3101979230833,163.47384405136108
QSO-clip,25,30,3333,100020,49,3340.870686547696,164.2074432373047
QSO-clip,25,30,3333,100020,50,3345.84442915417,164.8391489982605
QSO-clip,25,30,3333,100020,51,3359.2282877190773,164.85267400741577
DE,25,30,3333,100020,42,3333.0273534141447,182.56897711753845
DE,25,30,3333,100020,43,3326.6242851011193,181.98564314842224
DE,25,30,3333,100020,44,3358.7169314604325,182.86001110076904
DE,25,30,3333,100020,45,3340.901430407448,183.44563817977905
DE,25,30,3333,100020,46,3375.6668261814966,179.0285177230835
DE,25,30,3333,100020,47,3375.5632033151674,179.6310679912567
DE,25,30,3333,100020,48,3328.9197207248726,180.50253057479858
DE,25,30,3333,100020,49,3335.6283081041593,181.16989493370056
DE,25,30,3333,100020,50,3382.1618474593597,184.45130038261414
DE,25,30,3333,100020,51,3375.6201051075514,184.7375876903534
GWO,25,30,3333,100020,42,3415.930086741917,174.79946994781494
GWO,25,30,3333,100020,43,3398.801057893258,175.01134133338928
GWO,25,30,3333,100020,44,3546.4380438072812,173.20917391777039
GWO,25,30,3333,100020,45,3336.8297378777597,171.707129240036
GWO,25,30,3333,100020,46,3535.31514039847,165.5165238380432
GWO,25,30,3333,100020,47,3477.068968429816,167.78401827812195
GWO,25,30,3333,100020,48,3390.3349654211042,165.95152020454407
GWO,25,30,3333,100020,49,3369.8379871854413,165.60612416267395
GWO,25,30,3333,100020,50,3375.4764437050594,165.0446093082428
GWO,25,30,3333,100020,51,3373.644337875471,163.7637584209442
HHO,25,30,3333,100020,42,3382.500398189171,295.1613531112671
HHO,25,30,3333,100020,43,3342.6837889752637,296.4684147834778
HHO,25,30,3333,100020,44,3396.2517173661627,315.9239559173584
HHO,25,30,3333,100020,45,3388.266123835188,315.2656581401825
HHO,25,30,3333,100020,46,3359.7233554717095,309.41399335861206
HHO,25,30,3333,100020,47,3396.7829705138943,307.53856015205383
HHO,25,30,3333,100020,48,3393.184785612375,310.47937393188477
HHO,25,30,3333,100020,49,3350.323130757217,310.8390417098999
HHO,25,30,3333,100020,50,3392.323332490503,313.40847086906433
HHO,25,30,3333,100020,51,3403.498286980631,313.8808448314667
MPA,25,30,3333,100020,42,6178.48211321634,170.87539267539978
MPA,25,30,3333,100020,43,4681.837034376213,169.50691890716553
MPA,25,30,3333,100020,44,3589.582470911918,169.96085214614868
MPA,25,30,3333,100020,45,4646.166841963595,167.18385004997253
MPA,25,30,3333,100020,46,3753.600251654802,168.87303733825684
MPA,25,30,3333,100020,47,3875.786306827124,168.2610068321228
MPA,25,30,3333,100020,48,5356.860127772039,169.79474186897278
MPA,25,30,3333,100020,49,4108.219934367096,169.83220505714417
MPA,25,30,3333,100020,50,3549.6793317214206,172.87563180923462
MPA,25,30,3333,100020,51,8551.858169451123,172.4709575176239
PSO,25,30,3333,100020,42,3511.9437010401525,166.94400835037231
PSO,25,30,3333,100020,43,3352.9411329575923,167.10453033447266
PSO,25,30,3333,100020,44,3593.7913243822386,163.92453050613403
PSO,25,30,3333,100020,45,3651.3678730931106,163.38792037963867
PSO,25,30,3333,100020,46,3406.6260904391565,165.93521881103516
PSO,25,30,3333,100020,47,3679.8901324874246,166.3438539505005
PSO,25,30,3333,100020,48,3608.2456015529797,167.16156697273254
PSO,25,30,3333,100020,49,3620.284741497774,167.41108083724976
PSO,25,30,3333,100020,50,3433.7771070070057,167.87282061576843
PSO,25,30,3333,100020,51,3390.5757279138124,167.53875827789307
QSO-time,1,50,5555,166680,42,10930.060483118978,7.2497570514678955
QSO-time,1,50,5555,166680,43,1855.5037666784792,7.311967611312866
QSO-time,1,50,5555,166680,44,238.76804415398067,8.770196676254272
QSO-time,1,50,5555,166680,45,264.4501397843883,8.733754634857178
QSO-time,1,50,5555,166680,46,5090.396956920218,7.5225830078125
QSO-time,1,50,5555,166680,47,125.97414943156339,7.790988922119141
QSO-time,1,50,5555,166680,48,1924.3300963079957,8.917126417160034
QSO-time,1,50,5555,166680,49,4429.31383898127,8.65037751197815
QSO-time,1,50,5555,166680,50,826.0932089753545,7.3338587284088135
QSO-time,1,50,5555,166680,51,336.10382215634036,7.2354896068573
QSO-stagnation,1,50,5555,166680,42,10813.832804122072,9.207759141921997
QSO-stagnation,1,50,5555,166680,43,7055.050362523305,9.096003770828247
QSO-stagnation,1,50,5555,166680,44,13718.083539722436,7.321694374084473
QSO-stagnation,1,50,5555,166680,45,10364.583737331399,7.305459260940552
QSO-stagnation,1,50,5555,166680,46,4841.871412065025,9.004770040512085
QSO-stagnation,1,50,5555,166680,47,6830.206464165052,9.162278413772583
QSO-stagnation,1,50,5555,166680,48,6627.77894983334,7.357003688812256
QSO-stagnation,1,50,5555,166680,49,11709.76240184163,7.709359645843506
QSO-stagnation,1,50,5555,166680,50,13934.237879051218,9.19317078590393
QSO-stagnation,1,50,5555,166680,51,5980.836081221177,8.917664051055908
QSO-diversity,1,50,5555,166680,42,79223996835.92943,7.179478645324707
QSO-diversity,1,50,5555,166680,43,159958061463.317,8.042397499084473
QSO-diversity,1,50,5555,166680,44,78849383604.38483,9.064754486083984
QSO-diversity,1,50,5555,166680,45,79596327095.09444,8.902709722518921
QSO-diversity,1,50,5555,166680,46,93490741176.56325,7.688412666320801
QSO-diversity,1,50,5555,166680,47,109738453486.19946,8.497202634811401
QSO-diversity,1,50,5555,166680,48,20060451615.144356,9.342759370803833
QSO-diversity,1,50,5555,166680,49,101651551742.67941,8.314405679702759
QSO-diversity,1,50,5555,166680,50,16705289164.714346,7.49626898765564
QSO-diversity,1,50,5555,166680,51,74722813444.98793,7.815341234207153
QSO-clip,1,50,5555,166680,42,341.8076147135046,7.9535863399505615
QSO-clip,1,50,5555,166680,43,3083.3145024329815,7.427212476730347
QSO-clip,1,50,5555,166680,44,255.79488402036887,6.088619947433472
QSO-clip,1,50,5555,166680,45,512.4202884265807,5.992577314376831
QSO-clip,1,50,5555,166680,46,2255.7789345575034,8.408811092376709
QSO-clip,1,50,5555,166680,47,107.5725076453966,8.589609384536743
QSO-clip,1,50,5555,166680,48,2344.6200291427085,6.1902196407318115
QSO-clip,1,50,5555,166680,49,1070.8425265032527,6.171553611755371
QSO-clip,1,50,5555,166680,50,4546.340304643155,8.626955270767212
QSO-clip,1,50,5555,166680,51,4520.778486655675,8.31812596321106
DE,1,50,5555,166680,42,85846488.40803598,25.521936655044556
DE,1,50,5555,166680,43,4537665.26877165,25.96248769760132
DE,1,50,5555,166680,44,49185755.12420375,26.765313148498535
DE,1,50,5555,166680,45,15474.139077819702,26.66883111000061
DE,1,50,5555,166680,46,784282846.7727973,25.210094451904297
DE,1,50,5555,166680,47,59577092.20591389,25.699652194976807
DE,1,50,5555,166680,48,121350217.9564156,24.117377042770386
DE,1,50,5555,166680,49,25184872.30115422,24.041909217834473
DE,1,50,5555,166680,50,45234370.73894993,24.855616807937622
DE,1,50,5555,166680,51,3904409.2783598993,25.256826400756836
GWO,1,50,5555,166680,42,17115091507.221348,21.525660753250122
GWO,1,50,5555,166680,43,5109964962.578243,21.166094303131104
GWO,1,50,5555,166680,44,6941486773.384479,21.58285665512085
GWO,1,50,5555,166680,45,10896927052.15535,21.826809644699097
GWO,1,50,5555,166680,46,3280749416.2585707,24.494832515716553
GWO,1,50,5555,166680,47,11854785961.191422,24.233020544052124
GWO,1,50,5555,166680,48,3720884177.458764,21.47355556488037
GWO,1,50,5555,166680,49,19538957794.210926,21.444356203079224
GWO,1,50,5555,166680,50,7433885556.029001,22.214075088500977
GWO,1,50,5555,166680,51,10023204115.396305,22.633596897125244
HHO,1,50,5555,166680,42,42143916.4538939,22.90093731880188
HHO,1,50,5555,166680,43,39815356.031390525,22.416913270950317
HHO,1,50,5555,166680,44,50154277.79129778,20.83556842803955
HHO,1,50,5555,166680,45,44942642.334484845,21.32957363128662
HHO,1,50,5555,166680,46,46586730.18407294,23.62276840209961
HHO,1,50,5555,166680,47,50740178.25818199,25.027509212493896
HHO,1,50,5555,166680,48,38325709.2273758,24.168909788131714
HHO,1,50,5555,166680,49,44070214.48339257,23.523645162582397
HHO,1,50,5555,166680,50,33097429.017429154,25.226038932800293
HHO,1,50,5555,166680,51,31162645.545159783,25.968069314956665
MPA,1,50,5555,166680,42,86600207320.86365,14.261436223983765
MPA,1,50,5555,166680,43,86832592398.03557,14.984436750411987
MPA,1,50,5555,166680,44,82157488012.53418,14.207404136657715
MPA,1,50,5555,166680,45,85195682457.32301,14.027735710144043
MPA,1,50,5555,166680,46,77269784292.74036,14.597869634628296
MPA,1,50,5555,166680,47,87782794881.99823,13.851372718811035
MPA,1,50,5555,166680,48,89202736494.96162,13.8537917137146
MPA,1,50,5555,166680,49,78646065571.46542,13.007790327072144
MPA,1,50,5555,166680,50,90513847220.02747,13.901256561279297
MPA,1,50,5555,166680,51,93655623668.56567,14.020338773727417
PSO,1,50,5555,166680,42,15620640437.076414,4.97537899017334
PSO,1,50,5555,166680,43,4913098109.29267,5.853355169296265
PSO,1,50,5555,166680,44,3887982625.9092164,6.995482444763184
PSO,1,50,5555,166680,45,4240244544.516234,5.12418794631958
PSO,1,50,5555,166680,46,989308555.3318722,4.795283079147339
PSO,1,50,5555,166680,47,14003758014.486593,4.834251165390015
PSO,1,50,5555,166680,48,9746830173.578972,5.192621231079102
PSO,1,50,5555,166680,49,8157589175.012103,5.649636268615723
PSO,1,50,5555,166680,50,1604909712.8410046,6.522145748138428
PSO,1,50,5555,166680,51,1996962762.3635004,6.2629687786102295
QSO-time,3,50,5555,166680,42,563.1238433644937,11.488229751586914
QSO-time,3,50,5555,166680,43,439.8884590007772,11.976637840270996
QSO-time,3,50,5555,166680,44,377.5141295859843,12.163759708404541
QSO-time,3,50,5555,166680,45,507.1678872834018,11.772922277450562
QSO-time,3,50,5555,166680,46,503.31585157305307,13.004604816436768
QSO-time,3,50,5555,166680,47,502.8457629653899,12.631802558898926
QSO-time,3,50,5555,166680,48,508.63937926422466,12.607243299484253
QSO-time,3,50,5555,166680,49,372.46281577620647,12.759713888168335
QSO-time,3,50,5555,166680,50,443.03274371917445,11.703118085861206
QSO-time,3,50,5555,166680,51,368.51227519033927,11.469974279403687
QSO-stagnation,3,50,5555,166680,42,385.0419436367308,12.108307838439941
QSO-stagnation,3,50,5555,166680,43,368.6880555704132,12.136412143707275
QSO-stagnation,3,50,5555,166680,44,435.29243471401236,13.401433229446411
QSO-stagnation,3,50,5555,166680,45,514.9813992691177,13.293263673782349
QSO-stagnation,3,50,5555,166680,46,505.99816836789773,13.39838171005249
QSO-stagnation,3,50,5555,166680,47,383.18894498009996,13.695461511611938
QSO-stagnation,3,50,5555,166680,48,471.1377604346769,12.9259033203125
QSO-stagnation,3,50,5555,166680,49,503.25020787867146,12.969013690948486
QSO-stagnation,3,50,5555,166680,50,380.74562722706435,11.640065670013428
QSO-stagnation,3,50,5555,166680,51,436.3167190647879,11.611473321914673
QSO-diversity,3,50,5555,166680,42,7915.194196683103,12.837928771972656
QSO-diversity,3,50,5555,166680,43,17322.099320407608,12.5785493850708
QSO-diversity,3,50,5555,166680,44,2657.5206953879583,13.797599077224731
QSO-diversity,3,50,5555,166680,45,5389.399977248033,13.94816517829895
QSO-diversity,3,50,5555,166680,46,27542.493002470495,13.533743381500244
QSO-diversity,3,50,5555,166680,47,31455.850609644076,13.723674297332764
QSO-diversity,3,50,5555,166680,48,5517.723146652317,13.310271978378296
QSO-diversity,3,50,5555,166680,49,625.3169711963565,13.737027168273926
QSO-diversity,3,50,5555,166680,50,1434.8479507077661,11.638025283813477
QSO-diversity,3,50,5555,166680,51,5372.032611263693,12.036479711532593
QSO-clip,3,50,5555,166680,42,448.6825595449891,12.919758796691895
QSO-clip,3,50,5555,166680,43,435.65359674821207,12.541921377182007
QSO-clip,3,50,5555,166680,44,385.497534735792,13.27910304069519
QSO-clip,3,50,5555,166680,45,513.1738937620219,13.121248006820679
QSO-clip,3,50,5555,166680,46,440.0826778474906,12.864813566207886
QSO-clip,3,50,5555,166680,47,452.6592834096888,13.109514236450195
QSO-clip,3,50,5555,166680,48,505.3305675543935,11.410187005996704
QSO-clip,3,50,5555,166680,49,506.9952132944428,12.347287654876709
QSO-clip,3,50,5555,166680,50,494.4360509734105,11.30254077911377
QSO-clip,3,50,5555,166680,51,507.8812704356079,10.31236720085144
DE,3,50,5555,166680,42,390.4238991660891,29.57938861846924
DE,3,50,5555,166680,43,457.86451716662987,29.532052993774414
DE,3,50,5555,166680,44,448.49603663769085,32.23786687850952
DE,3,50,5555,166680,45,455.44783465709827,32.31755447387695
DE,3,50,5555,166680,46,458.2758391699226,29.945528984069824
DE,3,50,5555,166680,47,438.4074673130569,29.518202543258667
DE,3,50,5555,166680,48,438.2081276002393,28.950966119766235
DE,3,50,5555,166680,49,449.48154372478905,29.25858163833618
DE,3,50,5555,166680,50,401.9131304249432,27.47015881538391
DE,3,50,5555,166680,51,446.9509010819446,28.476238012313843
GWO,3,50,5555,166680,42,730.7938120939948,27.336167573928833
GWO,3,50,5555,166680,43,1971.682628340675,26.45913004875183
GWO,3,50,5555,166680,44,1261.038580876775,28.63897967338562
GWO,3,50,5555,166680,45,1478.4513647149881,28.237040996551514
GWO,3,50,5555,166680,46,935.9022034976695,26.586082935333252
GWO,3,50,5555,166680,47,944.0857213043678,26.943468809127808
GWO,3,50,5555,166680,48,895.2354340781891,27.08341360092163
GWO,3,50,5555,166680,49,801.480288138609,27.070212364196777
GWO,3,50,5555,166680,50,660.6959233511008,27.254179000854492
GWO,3,50,5555,166680,51,1210.3273693699994,27.097903966903687
HHO,3,50,5555,166680,42,524.1623810030152,28.61249542236328
HHO,3,50,5555,166680,43,517.3771962266654,29.12080192565918
HHO,3,50,5555,166680,44,483.8770094446987,29.679954767227173
HHO,3,50,5555,166680,45,562.3884558233111,29.592381715774536
HHO,3,50,5555,166680,46,597.8438045585275,30.224024772644043
HHO,3,50,5555,166680,47,461.25888623406513,29.94554901123047
HHO,3,50,5555,166680,48,511.67712927704247,30.32992434501648
HHO,3,50,5555,166680,49,473.76031698555937,30.25555396080017
HHO,3,50,5555,166680,50,442.10147350074556,31.154682636260986
HHO,3,50,5555,166680,51,546.7347609754565,30.764141082763672
MPA,3,50,5555,166680,42,25051.808971093433,17.956804752349854
MPA,3,50,5555,166680,43,23280.33569596497,17.576905012130737
MPA,3,50,5555,166680,44,22139.95926530735,17.657545566558838
MPA,3,50,5555,166680,45,30231.918787765462,17.45923137664795
MPA,3,50,5555,166680,46,23988.346113461248,17.91345977783203
MPA,3,50,5555,166680,47,24581.962295957986,17.518206119537354
MPA,3,50,5555,166680,48,30110.3045140918,17.68370485305786
MPA,3,50,5555,166680,49,26061.442009250397,17.77984380722046
MPA,3,50,5555,166680,50,28974.371849068262,18.923215627670288
MPA,3,50,5555,166680,51,26766.135558220172,18.652376890182495
PSO,3,50,5555,166680,42,446.8490888700537,10.376957416534424
PSO,3,50,5555,166680,43,1222.388856004222,10.451396226882935
PSO,3,50,5555,166680,44,833.3809152035566,11.022208213806152
PSO,3,50,5555,166680,45,1167.9688573773099,10.766761541366577
PSO,3,50,5555,166680,46,10846.924665008168,8.774732112884521
PSO,3,50,5555,166680,47,716.470629484359,8.833270072937012
PSO,3,50,5555,166680,48,753.1420362000904,11.858787536621094
PSO,3,50,5555,166680,49,727.8982422931365,11.702545642852783
PSO,3,50,5555,166680,50,647.8474893268774,10.740693092346191
PSO,3,50,5555,166680,51,1022.7474122384177,10.946143865585327
QSO-time,4,50,5555,166680,42,776.563730046835,9.635784149169922
QSO-time,4,50,5555,166680,43,812.3880964887408,9.741966962814331
QSO-time,4,50,5555,166680,44,863.0546071568365,11.84922194480896
QSO-time,4,50,5555,166680,45,857.8642857989893,11.930443286895752
QSO-time,4,50,5555,166680,46,903.8379544450379,11.806965589523315
QSO-time,4,50,5555,166680,47,853.0920851287445,11.443699359893799
QSO-time,4,50,5555,166680,48,995.9948307052478,9.387939929962158
QSO-time,4,50,5555,166680,49,817.1285299138196,9.316500186920166
QSO-time,4,50,5555,166680,50,967.4119326859982,11.55972409248352
QSO-time,4,50,5555,166680,51,896.3250458027255,11.69452428817749
QSO-stagnation,4,50,5555,166680,42,1078.0387069408353,12.085287094116211
QSO-stagnation,4,50,5555,166680,43,1168.0616611841392,12.372273445129395
QSO-stagnation,4,50,5555,166680,44,1087.8842012040218,9.77431607246399
QSO-stagnation,4,50,5555,166680,45,1164.7045601210043,10.10146951675415
QSO-stagnation,4,50,5555,166680,46,1028.4623919267226,11.705989360809326
QSO-stagnation,4,50,5555,166680,47,1113.2092073060512,11.343256711959839
QSO-stagnation,4,50,5555,166680,48,1066.1875600741641,12.208107709884644
QSO-stagnation,4,50,5555,166680,49,1010.7574967886468,11.678376913070679
QSO-stagnation,4,50,5555,166680,50,1065.4065103956593,10.613345384597778
QSO-stagnation,4,50,5555,166680,51,1139.2473242060364,10.738462448120117
QSO-diversity,4,50,5555,166680,42,66221.32520224067,10.040777683258057
QSO-diversity,4,50,5555,166680,43,112811.17667990575,10.032093286514282
QSO-diversity,4,50,5555,166680,44,23125.397234130676,11.284570932388306
QSO-diversity,4,50,5555,166680,45,95671.60807395309,10.929142236709595
QSO-diversity,4,50,5555,166680,46,24404.223067705014,10.231103897094727
QSO-diversity,4,50,5555,166680,47,75842.64862840984,9.76131534576416
QSO-diversity,4,50,5555,166680,48,50080.87431280924,11.593693256378174
QSO-diversity,4,50,5555,166680,49,10052.4571439178,11.313465595245361
QSO-diversity,4,50,5555,166680,50,2099.249047912711,12.160393953323364
QSO-diversity,4,50,5555,166680,51,4695.785966759167,11.831058263778687
QSO-clip,4,50,5555,166680,42,841.5565104106274,11.343697786331177
QSO-clip,4,50,5555,166680,43,915.2038621343931,11.182655096054077
QSO-clip,4,50,5555,166680,44,1027.283844147919,9.773384809494019
QSO-clip,4,50,5555,166680,45,890.4669602275826,9.483864784240723
QSO-clip,4,50,5555,166680,46,779.7703267424597,11.114536762237549
QSO-clip,4,50,5555,166680,47,871.9773499742314,11.320666551589966
QSO-clip,4,50,5555,166680,48,767.394578432428,9.600640296936035
QSO-clip,4,50,5555,166680,49,869.6338473453329,9.710115432739258
QSO-clip,4,50,5555,166680,50,752.2503424510089,10.331106185913086
QSO-clip,4,50,5555,166680,51,752.5223139188608,10.044202327728271
DE,4,50,5555,166680,42,584.6019460962164,28.04368257522583
DE,4,50,5555,166680,43,495.5424646526043,28.43037509918213
DE,4,50,5555,166680,44,1630.731496522063,26.48857092857361
DE,4,50,5555,166680,45,1130.385598251206,26.69532561302185
DE,4,50,5555,166680,46,805.2013387774678,28.3150691986084
DE,4,50,5555,166680,47,1173.5337388721878,27.934236764907837
DE,4,50,5555,166680,48,1366.063929103204,28.1814022064209
DE,4,50,5555,166680,49,557.9684708212682,28.56978440284729
DE,4,50,5555,166680,50,664.6689680006237,26.7459499835968
DE,4,50,5555,166680,51,606.7125718392194,28.219106674194336
GWO,4,50,5555,166680,42,16297.736815030114,24.040919542312622
GWO,4,50,5555,166680,43,15227.747230468205,23.20358920097351
GWO,4,50,5555,166680,44,10786.590522068966,25.488645553588867
GWO,4,50,5555,166680,45,5721.87813485528,25.381574630737305
GWO,4,50,5555,166680,46,4982.4764718649985,23.474519968032837
GWO,4,50,5555,166680,47,21212.497565860667,23.36340570449829
GWO,4,50,5555,166680,48,9246.72352783271,26.82032561302185
GWO,4,50,5555,166680,49,4860.646994269203,27.172529697418213
GWO,4,50,5555,166680,50,14854.018052338355,26.455149173736572
GWO,4,50,5555,166680,51,5660.858017068657,26.035186052322388
HHO,4,50,5555,166680,42,1404.0942214905795,28.08980631828308
HHO,4,50,5555,166680,43,985.6048586564683,27.439321041107178
HHO,4,50,5555,166680,44,1802.11853970506,27.678959369659424
HHO,4,50,5555,166680,45,1316.5952562171226,27.548207759857178
HHO,4,50,5555,166680,46,1235.912456585298,25.157909393310547
HHO,4,50,5555,166680,47,1368.481229673696,25.350268125534058
HHO,4,50,5555,166680,48,1475.2406088426087,27.309072494506836
HHO,4,50,5555,166680,49,1682.397649371666,27.12500262260437
HHO,4,50,5555,166680,50,1498.169107105733,28.166664123535156
HHO,4,50,5555,166680,51,1536.3944454948958,28.04571294784546
MPA,4,50,5555,166680,42,100520.71314587569,16.1922287940979
MPA,4,50,5555,166680,43,97214.80276022646,16.273805141448975
MPA,4,50,5555,166680,44,103502.05566050528,15.983259916305542
MPA,4,50,5555,166680,45,107074.08984129246,16.139731407165527
MPA,4,50,5555,166680,46,102027.69758262896,16.200040578842163
MPA,4,50,5555,166680,47,103352.0352794755,15.94559621810913
MPA,4,50,5555,166680,48,93019.76688522311,16.10011887550354
MPA,4,50,5555,166680,49,100150.33283209399,15.90526008605957
MPA,4,50,5555,166680,50,100056.01436365944,15.999441385269165
MPA,4,50,5555,166680,51,102470.9948513585,16.12709379196167
PSO,4,50,5555,166680,42,3035.613037724436,7.043891191482544
PSO,4,50,5555,166680,43,2517.687192869955,6.952188968658447
PSO,4,50,5555,166680,44,2194.5575339447505,9.145686864852905
PSO,4,50,5555,166680,45,12389.428062563868,9.129711627960205
PSO,4,50,5555,166680,46,19577.49925469365,6.896814346313477
PSO,4,50,5555,166680,47,5807.904206812962,6.937400579452515
PSO,4,50,5555,166680,48,2167.8506987586497,9.432363510131836
PSO,4,50,5555,166680,49,4456.562122872698,9.434416055679321
PSO,4,50,5555,166680,50,12074.559273436502,7.327308177947998
PSO,4,50,5555,166680,51,20089.49596797367,7.172373294830322
QSO-time,5,50,5555,166680,42,500.0006500888633,74.6176266670227
QSO-time,5,50,5555,166680,43,500.00013861158334,74.35786437988281
QSO-time,5,50,5555,166680,44,500.00025018302995,70.90482807159424
QSO-time,5,50,5555,166680,45,500.0000289604788,70.60102891921997
QSO-time,5,50,5555,166680,46,500.00030571089053,71.62539505958557
QSO-time,5,50,5555,166680,47,500.000046650644,72.20691418647766
QSO-time,5,50,5555,166680,48,500.00016957217025,70.86800384521484
QSO-time,5,50,5555,166680,49,500.00005430609684,71.31412982940674
QSO-time,5,50,5555,166680,50,500.00049271583316,77.02692580223083
QSO-time,5,50,5555,166680,51,500.00009220375915,76.595285654068
QSO-stagnation,5,50,5555,166680,42,500.00006896704014,77.68405175209045
QSO-stagnation,5,50,5555,166680,43,500.00144140365256,76.46165084838867
QSO-stagnation,5,50,5555,166680,44,500.00015074152435,74.97313165664673
QSO-stagnation,5,50,5555,166680,45,500.00007547948434,73.85046911239624
QSO-stagnation,5,50,5555,166680,46,500.000115661999,76.04344320297241
QSO-stagnation,5,50,5555,166680,47,500.0000193784813,75.3145854473114
QSO-stagnation,5,50,5555,166680,48,500.0014502382322,75.63893508911133
QSO-stagnation,5,50,5555,166680,49,500.0003135123598,73.83980083465576
QSO-stagnation,5,50,5555,166680,50,500.00084281493224,73.81896781921387
QSO-stagnation,5,50,5555,166680,51,500.00025389068395,72.53309321403503
QSO-diversity,5,50,5555,166680,42,500.02315144207927,69.81512951850891
QSO-diversity,5,50,5555,166680,43,500.0163670995346,69.53339338302612
QSO-diversity,5,50,5555,166680,44,500.0407897369778,72.95816111564636
QSO-diversity,5,50,5555,166680,45,500.0054838286484,73.2971568107605
QSO-diversity,5,50,5555,166680,46,500.0055073809238,73.14936995506287
QSO-diversity,5,50,5555,166680,47,500.035559359086,73.5559651851654
QSO-diversity,5,50,5555,166680,48,500.00584126394995,76.74314880371094
QSO-diversity,5,50,5555,166680,49,500.00198223698226,76.2550585269928
QSO-diversity,5,50,5555,166680,50,500.0177496301143,69.92143368721008
QSO-diversity,5,50,5555,166680,51,500.01074937354866,69.87663149833679
QSO-clip,5,50,5555,166680,42,500.00009018302467,72.97767901420593
QSO-clip,5,50,5555,166680,43,500.0002579945001,71.89710712432861
QSO-clip,5,50,5555,166680,44,500.0001148577887,71.94747591018677
QSO-clip,5,50,5555,166680,45,500.0000234808125,71.28875136375427
QSO-clip,5,50,5555,166680,46,500.00020382444376,71.75229358673096
QSO-clip,5,50,5555,166680,47,500.00024453342826,71.35540580749512
QSO-clip,5,50,5555,166680,48,500.0000921535096,72.44387698173523
QSO-clip,5,50,5555,166680,49,500.000380664135,72.70680546760559
QSO-clip,5,50,5555,166680,50,500.0001240773004,74.65897488594055
QSO-clip,5,50,5555,166680,51,500.0000098313605,75.06096291542053
DE,5,50,5555,166680,42,500.0000001378801,97.53011131286621
DE,5,50,5555,166680,43,500.00001369194086,96.94293856620789
DE,5,50,5555,166680,44,500.0000001198082,93.40945672988892
DE,5,50,5555,166680,45,500.00000000258296,93.39245533943176
DE,5,50,5555,166680,46,500.00000121283125,93.98592448234558
DE,5,50,5555,166680,47,500.00000238606964,93.51384997367859
DE,5,50,5555,166680,48,500.0000007518772,92.95667552947998
DE,5,50,5555,166680,49,500.000004094794,90.26282835006714
DE,5,50,5555,166680,50,500.0000000547766,94.07629156112671
DE,5,50,5555,166680,51,500.0000130473727,92.61537575721741
GWO,5,50,5555,166680,42,500.00074433838944,89.19167804718018
GWO,5,50,5555,166680,43,500.0006428014317,90.5759539604187
GWO,5,50,5555,166680,44,500.0131362489649,89.40282392501831
GWO,5,50,5555,166680,45,500.00091950664756,88.68733835220337
GWO,5,50,5555,166680,46,500.002008935553,87.99588227272034
GWO,5,50,5555,166680,47,500.00041214209404,87.80564093589783
GWO,5,50,5555,166680,48,500.00076996492214,90.55995059013367
GWO,5,50,5555,166680,49,500.02815073131814,91.34154319763184
GWO,5,50,5555,166680,50,500.00154853035997,86.94030404090881
GWO,5,50,5555,166680,51,500.0006113007125,87.32598161697388
HHO,5,50,5555,166680,42,500.0014286180315,142.13523387908936
HHO,5,50,5555,166680,43,500.00058699913217,141.96520972251892
HHO,5,50,5555,166680,44,500.00072337716966,140.677481174469
HHO,5,50,5555,166680,45,500.00072117053367,142.73455119132996
HHO,5,50,5555,166680,46,500.00104232975616,142.82131218910217
HHO,5,50,5555,166680,47,500.00109210660554,141.06280088424683
HHO,5,50,5555,166680,48,500.0012145496358,140.07934617996216
HHO,5,50,5555,166680,49,500.0010028048277,140.7907636165619
HHO,5,50,5555,166680,50,500.0010515429156,138.33195424079895
HHO,5,50,5555,166680,51,500.0005504582132,137.9578914642334
MPA,5,50,5555,166680,42,500.02462075867743,79.08239674568176
MPA,5,50,5555,166680,43,500.0325224493538,79.39026021957397
MPA,5,50,5555,166680,44,500.0364317137334,80.14359521865845
MPA,5,50,5555,166680,45,500.0300038987431,80.0180253982544
MPA,5,50,5555,166680,46,500.02824086454245,77.84503889083862
MPA,5,50,5555,166680,47,500.0237815473044,78.36577987670898
MPA,5,50,5555,166680,48,500.03391110505254,83.75793623924255
MPA,5,50,5555,166680,49,500.0351249190593,82.95517158508301
MPA,5,50,5555,166680,50,500.02598395118525,77.77646923065186
MPA,5,50,5555,166680,51,500.0373368869795,77.26581835746765
PSO,5,50,5555,166680,42,500.0001678316463,70.21363735198975
PSO,5,50,5555,166680,43,500.00004020694496,70.246591091156
PSO,5,50,5555,166680,44,500.00005190802545,70.25376105308533
PSO,5,50,5555,166680,45,500.0005036793168,73.11644959449768
PSO,5,50,5555,166680,46,500.00148305903275,73.81298446655273
PSO,5,50,5555,166680,47,500.0001481890671,72.54133296012878
PSO,5,50,5555,166680,48,500.0001548977234,70.20148348808289
PSO,5,50,5555,166680,49,500.0005100921267,72.64987134933472
PSO,5,50,5555,166680,50,500.0003749696508,75.47277641296387
PSO,5,50,5555,166680,51,500.0003488954957,72.98290205001831
QSO-time,6,50,5555,166680,42,1069.0070028497234,18.364306211471558
QSO-time,6,50,5555,166680,43,1184.7327784322758,19.37920880317688
QSO-time,6,50,5555,166680,44,1031.7976196226084,19.00736927986145
QSO-time,6,50,5555,166680,45,1089.0770052922749,20.235179662704468
QSO-time,6,50,5555,166680,46,1144.0712092961107,19.115324020385742
QSO-time,6,50,5555,166680,47,1146.644095915214,18.500004291534424
QSO-time,6,50,5555,166680,48,1105.364482483133,19.926315546035767
QSO-time,6,50,5555,166680,49,1075.5293991610356,18.55095362663269
QSO-time,6,50,5555,166680,50,1106.2435054839757,18.960504293441772
QSO-time,6,50,5555,166680,51,1201.7657333835923,18.943037271499634
QSO-stagnation,6,50,5555,166680,42,1336.7324113845552,18.750983238220215
QSO-stagnation,6,50,5555,166680,43,1275.2301914197756,16.615024089813232
QSO-stagnation,6,50,5555,166680,44,1320.8129849776628,18.962308168411255
QSO-stagnation,6,50,5555,166680,45,1228.788313781846,18.42617917060852
QSO-stagnation,6,50,5555,166680,46,1146.580993406245,18.51425266265869
QSO-stagnation,6,50,5555,166680,47,1253.9278043088252,19.64929509162903
QSO-stagnation,6,50,5555,166680,48,1224.3478034026064,18.569003343582153
QSO-stagnation,6,50,5555,166680,49,1324.0736870669575,18.471975088119507
QSO-stagnation,6,50,5555,166680,50,1304.631649935036,18.134753227233887
QSO-stagnation,6,50,5555,166680,51,1245.3036606295657,18.290013551712036
QSO-diversity,6,50,5555,166680,42,4897109.10292415,17.545191526412964
QSO-diversity,6,50,5555,166680,43,3597705.5357439485,17.644870042800903
QSO-diversity,6,50,5555,166680,44,5112633.606095988,18.0070161819458
QSO-diversity,6,50,5555,166680,45,5086197.582112174,17.00265097618103
QSO-diversity,6,50,5555,166680,46,5663936.493552054,17.532028913497925
QSO-diversity,6,50,5555,166680,47,4862344.232338848,17.601160287857056
QSO-diversity,6,50,5555,166680,48,2291741.311894457,18.142618894577026
QSO-diversity,6,50,5555,166680,49,5540500.42104457,18.03873062133789
QSO-diversity,6,50,5555,166680,50,4826673.40187176,18.57583475112915
QSO-diversity,6,50,5555,166680,51,4316248.437373193,18.5170841217041
QSO-clip,6,50,5555,166680,42,1073.0055291416825,18.81926441192627
QSO-clip,6,50,5555,166680,43,1140.1773827922975,19.227325916290283
QSO-clip,6,50,5555,166680,44,1211.5602490185533,18.470678091049194
QSO-clip,6,50,5555,166680,45,1126.984041924749,17.56887149810791
QSO-clip,6,50,5555,166680,46,1093.700650557682,18.012527227401733
QSO-clip,6,50,5555,166680,47,1156.6962995362342,17.66400456428528
QSO-clip,6,50,5555,166680,48,1170.8718670253927,16.98130464553833
QSO-clip,6,50,5555,166680,49,1202.5479019869294,17.377628803253174
QSO-clip,6,50,5555,166680,50,1021.1786424183534,17.24628520011902
QSO-clip,6,50,5555,166680,51,1105.276960755034,17.270968914031982
DE,6,50,5555,166680,42,858.7219835983708,34.283196210861206
DE,6,50,5555,166680,43,802.8038197841731,34.83405065536499
DE,6,50,5555,166680,44,3091.80141379059,34.850064516067505
DE,6,50,5555,166680,45,791.2751447464163,34.53986835479736
DE,6,50,5555,166680,46,779.3764858002752,34.89794874191284
DE,6,50,5555,166680,47,841.0799497499689,34.64647698402405
DE,6,50,5555,166680,48,835.0679066622095,36.16670870780945
DE,6,50,5555,166680,49,961.8769016569709,36.00050187110901
DE,6,50,5555,166680,50,837.1970518703606,37.45683765411377
DE,6,50,5555,166680,51,2548.4828981934947,37.004260540008545
GWO,6,50,5555,166680,42,613194.536050537,31.643277406692505
GWO,6,50,5555,166680,43,426524.38681683264,31.52155065536499
GWO,6,50,5555,166680,44,465378.6530646414,31.579408407211304
GWO,6,50,5555,166680,45,533667.0851645551,30.886714935302734
GWO,6,50,5555,166680,46,198496.6734994455,31.260077476501465
GWO,6,50,5555,166680,47,287924.36282810284,30.494221687316895
GWO,6,50,5555,166680,48,718473.2688317598,31.248181104660034
GWO,6,50,5555,166680,49,139584.4401045818,32.18043923377991
GWO,6,50,5555,166680,50,474088.1654486674,31.85612392425537
GWO,6,50,5555,166680,51,492059.387270449,32.05431127548218
HHO,6,50,5555,166680,42,3941.445068466698,41.39080023765564
HHO,6,50,5555,166680,43,4047.232349535048,41.33391737937927
HHO,6,50,5555,166680,44,3555.1587778652406,39.51846647262573
HHO,6,50,5555,166680,45,3254.437366422369,40.676889419555664
HHO,6,50,5555,166680,46,3306.8910227956035,41.2855179309845
HHO,6,50,5555,166680,47,3376.9724340957127,40.31039261817932
HHO,6,50,5555,166680,48,3309.7658951074736,40.628512144088745
HHO,6,50,5555,166680,49,3656.4284969850087,40.477800130844116
HHO,6,50,5555,166680,50,3663.4448601496533,42.71033692359924
HHO,6,50,5555,166680,51,2998.9979360739057,42.247570514678955
MPA,6,50,5555,166680,42,5109877.133308857,24.835402727127075
MPA,6,50,5555,166680,43,4963361.1770983,25.460635662078857
MPA,6,50,5555,166680,44,5012010.488978974,22.467589855194092
MPA,6,50,5555,166680,45,4953894.819246888,22.684991121292114
MPA,6,50,5555,166680,46,5390243.057345677,22.957566261291504
MPA,6,50,5555,166680,47,5006756.539070956,24.205334663391113
MPA,6,50,5555,166680,48,5002705.224313974,24.125995874404907
MPA,6,50,5555,166680,49,4699635.138094908,23.362903594970703
MPA,6,50,5555,166680,50,4677025.902468237,22.958820581436157
MPA,6,50,5555,166680,51,4963115.815209494,23.38311457633972
PSO,6,50,5555,166680,42,134993.42341858655,15.751245021820068
PSO,6,50,5555,166680,43,97967.58329487848,15.675069570541382
PSO,6,50,5555,166680,44,18581.357679779132,15.308406829833984
PSO,6,50,5555,166680,45,649001.7496205821,15.237759828567505
PSO,6,50,5555,166680,46,488566.4905100539,15.470516204833984
PSO,6,50,5555,166680,47,518597.0428537585,14.865226030349731
PSO,6,50,5555,166680,48,42816.18832799644,15.899086952209473
PSO,6,50,5555,166680,49,513736.2398058803,15.097628116607666
PSO,6,50,5555,166680,50,840419.4116698246,15.691340208053589
PSO,6,50,5555,166680,51,720493.3564763598,15.523331642150879
QSO-time,9,50,5555,166680,42,2353.0872176185585,34.27925133705139
QSO-time,9,50,5555,166680,43,2290.3996243733636,34.710784912109375
QSO-time,9,50,5555,166680,44,2302.5072023721914,38.59285807609558
QSO-time,9,50,5555,166680,45,3106.884180159923,38.34966278076172
QSO-time,9,50,5555,166680,46,3865.11586176727,37.581687450408936
QSO-time,9,50,5555,166680,47,2895.295457995042,37.118611574172974
QSO-time,9,50,5555,166680,48,3360.2560415922744,36.11817169189453
QSO-time,9,50,5555,166680,49,3052.9672264937217,35.95574593544006
QSO-time,9,50,5555,166680,50,1336.7271379926533,36.55649542808533
QSO-time,9,50,5555,166680,51,2990.7902284202537,36.509384632110596
QSO-stagnation,9,50,5555,166680,42,8129.245273337172,38.75913047790527
QSO-stagnation,9,50,5555,166680,43,7666.87427951988,38.497451066970825
QSO-stagnation,9,50,5555,166680,44,7034.213411316685,35.978498220443726
QSO-stagnation,9,50,5555,166680,45,7201.2156382712565,36.2149338722229
QSO-stagnation,9,50,5555,166680,46,8932.4922446125,35.61419892311096
QSO-stagnation,9,50,5555,166680,47,7692.351476156708,35.98532485961914
QSO-stagnation,9,50,5555,166680,48,7283.073760623996,36.049097776412964
QSO-stagnation,9,50,5555,166680,49,8198.978479032205,35.71655082702637
QSO-stagnation,9,50,5555,166680,50,7114.066301984236,38.70034885406494
QSO-stagnation,9,50,5555,166680,51,8733.827848823204,38.272058963775635
QSO-diversity,9,50,5555,166680,42,9403.205284863414,34.25421857833862
QSO-diversity,9,50,5555,166680,43,3264.2566461320603,33.89011311531067
QSO-diversity,9,50,5555,166680,44,3488.4882027556923,36.549596309661865
QSO-diversity,9,50,5555,166680,45,3776.604785276093,32.364098072052
QSO-diversity,9,50,5555,166680,46,5536.757530388049,36.221707820892334
QSO-diversity,9,50,5555,166680,47,1450.9282301650746,35.19411897659302
QSO-diversity,9,50,5555,166680,48,5713.419708482335,33.545875787734985
QSO-diversity,9,50,5555,166680,49,3191.4165995423537,35.83583974838257
QSO-diversity,9,50,5555,166680,50,4408.243521015105,35.9166374206543
QSO-diversity,9,50,5555,166680,51,1353.7148633670477,32.44676613807678
QSO-clip,9,50,5555,166680,42,2680.2600988932936,34.35916876792908
QSO-clip,9,50,5555,166680,43,1744.711581889911,34.081141233444214
QSO-clip,9,50,5555,166680,44,1102.571637047833,34.98063588142395
QSO-clip,9,50,5555,166680,45,1730.6134646290593,34.4073429107666
QSO-clip,9,50,5555,166680,46,3450.5055199753806,34.617738246917725
QSO-clip,9,50,5555,166680,47,1858.0621413808913,34.970696210861206
QSO-clip,9,50,5555,166680,48,3381.435162526883,35.75417923927307
QSO-clip,9,50,5555,166680,49,1312.9556910354477,35.2922682762146
QSO-clip,9,50,5555,166680,50,1708.497112236615,36.480491638183594
QSO-clip,9,50,5555,166680,51,-1155.9396856068743,35.70545172691345
DE,9,50,5555,166680,42,6449.51715499809,53.22108745574951
DE,9,50,5555,166680,43,6235.316373806809,53.79629302024841
DE,9,50,5555,166680,44,-3093.991716268458,54.569416761398315
DE,9,50,5555,166680,45,8419.992837687532,54.59719705581665
DE,9,50,5555,166680,46,2435.042870480538,54.79578447341919
DE,9,50,5555,166680,47,7984.56244624883,55.150299310684204
DE,9,50,5555,166680,48,8726.728223454178,57.01909852027893
DE,9,50,5555,166680,49,6702.162776940646,55.753671169281006
DE,9,50,5555,166680,50,7784.5616194001705,54.71174621582031
DE,9,50,5555,166680,51,8423.644628053606,54.93403506278992
GWO,9,50,5555,166680,42,9780.722880342848,50.024802446365356
GWO,9,50,5555,166680,43,8688.79973297038,49.08283758163452
GWO,9,50,5555,166680,44,-3783.9473646054757,48.47632312774658
GWO,9,50,5555,166680,45,1304.0677316626607,48.37252640724182
GWO,9,50,5555,166680,46,8069.376127129593,48.38545250892639
GWO,9,50,5555,166680,47,-1575.815254562276,48.14247965812683
GWO,9,50,5555,166680,48,5312.900610848359,46.59054660797119
GWO,9,50,5555,166680,49,-945.6141145621332,47.035327196121216
GWO,9,50,5555,166680,50,9900.457143163956,46.68650221824646
GWO,9,50,5555,166680,51,2840.5502747086866,46.43729329109192
HHO,9,50,5555,166680,42,895.9667385011562,66.94338393211365
HHO,9,50,5555,166680,43,868.0202527748697,67.53090929985046
HHO,9,50,5555,166680,44,1199.5722773168309,68.84401178359985
HHO,9,50,5555,166680,45,1741.1239324891612,69.65433073043823
HHO,9,50,5555,166680,46,526.7690351612873,67.16610622406006
HHO,9,50,5555,166680,47,1400.5518473436969,68.7428662776947
HHO,9,50,5555,166680,48,2895.838081529673,68.92815256118774
HHO,9,50,5555,166680,49,-1220.7947771680374,69.87506031990051
HHO,9,50,5555,166680,50,1057.6185592015427,68.98542809486389
HHO,9,50,5555,166680,51,818.0248693704852,67.34323644638062
MPA,9,50,5555,166680,42,9489.146796552803,40.58895921707153
MPA,9,50,5555,166680,43,9122.070736655693,40.897186279296875
MPA,9,50,5555,166680,44,9618.858078349866,42.19816994667053
MPA,9,50,5555,166680,45,9974.938887658162,41.02021050453186
MPA,9,50,5555,166680,46,8734.138820563923,41.58983755111694
MPA,9,50,5555,166680,47,9648.76369479641,42.24899911880493
MPA,9,50,5555,166680,48,9979.201008419639,43.90214657783508
MPA,9,50,5555,166680,49,9263.504436023388,43.23180556297302
MPA,9,50,5555,166680,50,8708.746636384316,39.45737075805664
MPA,9,50,5555,166680,51,9974.487874997158,40.051934003829956
PSO,9,50,5555,166680,42,-821.9736623289828,31.000674724578857
PSO,9,50,5555,166680,43,-4192.352131144606,29.76530122756958
PSO,9,50,5555,166680,44,-1548.905444749973,32.88307785987854
PSO,9,50,5555,166680,45,-3112.1974383490924,31.973856449127197
PSO,9,50,5555,166680,46,641.6325222913947,32.229182958602905
PSO,9,50,5555,166680,47,-1280.289882806057,31.66624426841736
PSO,9,50,5555,166680,48,543.3785193433941,31.161428451538086
PSO,9,50,5555,166680,49,-1670.8685745213115,31.942477226257324
PSO,9,50,5555,166680,50,-325.6005987313438,31.873939275741577
PSO,9,50,5555,166680,51,-1921.7575361997842,32.19107532501221
QSO-time,10,50,5555,166680,42,4998.671529739605,23.110973596572876
QSO-time,10,50,5555,166680,43,5016.477491459572,22.792482376098633
QSO-time,10,50,5555,166680,44,6100.931708255248,23.333513021469116
QSO-time,10,50,5555,166680,45,4760.391378090919,22.27782130241394
QSO-time,10,50,5555,166680,46,4437.789610411414,21.0843026638031
QSO-time,10,50,5555,166680,47,6819.207181500726,21.52715563774109
QSO-time,10,50,5555,166680,48,4434.019155113107,23.171615839004517
QSO-time,10,50,5555,166680,49,6422.01707869022,22.82950472831726
QSO-time,10,50,5555,166680,50,6267.215428544438,20.789767503738403
QSO-time,10,50,5555,166680,51,4601.791836815224,21.304112195968628
QSO-stagnation,10,50,5555,166680,42,9310.069997506303,21.50474262237549
QSO-stagnation,10,50,5555,166680,43,5985.5950372526895,21.31610107421875
QSO-stagnation,10,50,5555,166680,44,5005.419725438027,23.464353322982788
QSO-stagnation,10,50,5555,166680,45,4367.2428437168865,23.584181785583496
QSO-stagnation,10,50,5555,166680,46,4269.724306042185,21.427448272705078
QSO-stagnation,10,50,5555,166680,47,4074.5920340553216,21.37473225593567
QSO-stagnation,10,50,5555,166680,48,4142.585008083344,22.00713872909546
QSO-stagnation,10,50,5555,166680,49,4120.347106755769,22.22846245765686
QSO-stagnation,10,50,5555,166680,50,2705.9735191818017,23.06133270263672
QSO-stagnation,10,50,5555,166680,51,3935.5165408799967,22.282724857330322
QSO-diversity,10,50,5555,166680,42,234030.17246582266,21.115617275238037
QSO-diversity,10,50,5555,166680,43,5865230.397003603,21.0614492893219
QSO-diversity,10,50,5555,166680,44,29763924.95571201,22.355045795440674
QSO-diversity,10,50,5555,166680,45,74357386.44372413,22.50537347793579
QSO-diversity,10,50,5555,166680,46,3298532.811118828,22.54572892189026
QSO-diversity,10,50,5555,166680,47,616232242.4238131,21.647343158721924
QSO-diversity,10,50,5555,166680,48,44568.3151272688,21.4026300907135
QSO-diversity,10,50,5555,166680,49,103476244.58779834,20.718458890914917
QSO-diversity,10,50,5555,166680,50,191750.05680249562,22.339572429656982
QSO-diversity,10,50,5555,166680,51,4140557603.296167,22.810142278671265
QSO-clip,10,50,5555,166680,42,5671.63476955286,21.53404474258423
QSO-clip,10,50,5555,166680,43,5081.301490981945,21.173410654067993
QSO-clip,10,50,5555,166680,44,5685.9295003931475,20.68008518218994
QSO-clip,10,50,5555,166680,45,10348.851349607958,20.39081907272339
QSO-clip,10,50,5555,166680,46,5319.607684896779,21.22518253326416
QSO-clip,10,50,5555,166680,47,6856.047412635335,21.19028353691101
QSO-clip,10,50,5555,166680,48,3937.4476190643127,21.998779296875
QSO-clip,10,50,5555,166680,49,3812.7700173220005,21.539931058883667
QSO-clip,10,50,5555,166680,50,3336.2707231592735,20.283077716827393
QSO-clip,10,50,5555,166680,51,4763.108986515951,20.4280366897583
DE,10,50,5555,166680,42,1790.7326955667145,39.907501459121704
DE,10,50,5555,166680,43,11314.592175969765,39.284210205078125
DE,10,50,5555,166680,44,9843.869921811704,38.841174602508545
DE,10,50,5555,166680,45,3404.2554519306645,39.50242376327515
DE,10,50,5555,166680,46,2820.884830238939,38.23449373245239
DE,10,50,5555,166680,47,2273.8355458710894,38.32188177108765
DE,10,50,5555,166680,48,4820.065863866654,40.21024751663208
DE,10,50,5555,166680,49,13492.416522135749,39.74438142776489
DE,10,50,5555,166680,50,7744.7909333720045,38.45000624656677
DE,10,50,5555,166680,51,7951.788761374026,38.26144480705261
GWO,10,50,5555,166680,42,134907.4333799913,36.10382294654846
GWO,10,50,5555,166680,43,331509.6453284017,36.17766213417053
GWO,10,50,5555,166680,44,191727.61502865524,37.35258412361145
GWO,10,50,5555,166680,45,111316.01894423275,35.878962993621826
GWO,10,50,5555,166680,46,315019.2469158941,35.54321074485779
GWO,10,50,5555,166680,47,133731.79708825913,35.33719611167908
GWO,10,50,5555,166680,48,160871.02496418686,35.342127323150635
GWO,10,50,5555,166680,49,143250.37885189382,34.901116609573364
GWO,10,50,5555,166680,50,179993.34725652102,34.43607997894287
GWO,10,50,5555,166680,51,146060.7296689105,35.12644577026367
HHO,10,50,5555,166680,42,60796.60530953165,48.23160266876221
HHO,10,50,5555,166680,43,17684.6670882249,47.51973843574524
HHO,10,50,5555,166680,44,11341.135256698657,47.44213271141052
HHO,10,50,5555,166680,45,85084.8280446895,48.398839235305786
HHO,10,50,5555,166680,46,16181.276788212559,47.8592209815979
HHO,10,50,5555,166680,47,12690.238132449687,48.12072491645813
HHO,10,50,5555,166680,48,11158.732010428297,47.499027252197266
HHO,10,50,5555,166680,49,13476.864053559297,48.498316287994385
HHO,10,50,5555,166680,50,32171.570994203066,48.27278399467468
HHO,10,50,5555,166680,51,16857.63523297019,48.08108448982239
MPA,10,50,5555,166680,42,57651098.289216295,26.327304363250732
MPA,10,50,5555,166680,43,54393009.18813541,27.261221408843994
MPA,10,50,5555,166680,44,59956553.467556946,27.49228572845459
MPA,10,50,5555,166680,45,72884156.22313651,26.26417875289917
MPA,10,50,5555,166680,46,92786887.31888044,27.751327991485596
MPA,10,50,5555,166680,47,56634261.43314339,28.087667226791382
MPA,10,50,5555,166680,48,78481727.85035507,26.849441051483154
MPA,10,50,5555,166680,49,60423266.90345953,27.329735040664673
MPA,10,50,5555,166680,50,42588251.7280717,27.04234004020691
MPA,10,50,5555,166680,51,43655328.955737986,26.121246576309204
PSO,10,50,5555,166680,42,80945.4074219055,19.151212215423584
PSO,10,50,5555,166680,43,262311.82064826204,19.079615354537964
PSO,10,50,5555,166680,44,133074.61199386176,21.291964054107666
PSO,10,50,5555,166680,45,52901213.02725785,20.91029381752014
PSO,10,50,5555,166680,46,36900.2901994059,19.662719011306763
PSO,10,50,5555,166680,47,152747.5652511204,19.438507318496704
PSO,10,50,5555,166680,48,61741.753536386546,19.1324782371521
PSO,10,50,5555,166680,49,12171322.907235049,19.390995740890503
PSO,10,50,5555,166680,50,122618.45297957206,19.097773790359497
PSO,10,50,5555,166680,51,46428.372975074075,19.20186710357666
QSO-time,21,50,5555,166680,42,2207.028728880585,68.1797821521759
QSO-time,21,50,5555,166680,43,2196.8085702287653,67.50409007072449
QSO-time,21,50,5555,166680,44,2887.6563175508495,73.24608325958252
QSO-time,21,50,5555,166680,45,1645.3067407928936,72.8885886669159
QSO-time,21,50,5555,166680,46,2183.5894400728907,70.36031198501587
QSO-time,21,50,5555,166680,47,1287.9463700374718,70.2717444896698
QSO-time,21,50,5555,166680,48,398.5060664878238,68.87075710296631
QSO-time,21,50,5555,166680,49,1510.8181978195546,68.23071074485779
QSO-time,21,50,5555,166680,50,1034.793754995591,70.33875131607056
QSO-time,21,50,5555,166680,51,2181.9118171395676,69.28703045845032
QSO-stagnation,21,50,5555,166680,42,2393.6205812379676,67.4283058643341
QSO-stagnation,21,50,5555,166680,43,2394.707726376724,67.646488904953
QSO-stagnation,21,50,5555,166680,44,6674.559054990541,66.78592610359192
QSO-stagnation,21,50,5555,166680,45,7271.584983994487,66.55683875083923
QSO-stagnation,21,50,5555,166680,46,2489.2790965584554,67.56191992759705
QSO-stagnation,21,50,5555,166680,47,6690.5208174251375,66.68438792228699
QSO-stagnation,21,50,5555,166680,48,6300.194123288472,66.45302295684814
QSO-stagnation,21,50,5555,166680,49,8630.533197104476,65.76864719390869
QSO-stagnation,21,50,5555,166680,50,6076.1983972143,68.92315125465393
QSO-stagnation,21,50,5555,166680,51,2442.1715485161358,67.97145199775696
QSO-diversity,21,50,5555,166680,42,3146.788885714205,64.42122626304626
QSO-diversity,21,50,5555,166680,43,3611.197175935,63.18339920043945
QSO-diversity,21,50,5555,166680,44,2374.887128671349,67.80620384216309
QSO-diversity,21,50,5555,166680,45,4017.756910362178,65.46259617805481
QSO-diversity,21,50,5555,166680,46,2076.966732698227,67.99204111099243
QSO-diversity,21,50,5555,166680,47,1128.4473287793926,69.37450170516968
QSO-diversity,21,50,5555,166680,48,4398.463554561138,65.16361665725708
QSO-diversity,21,50,5555,166680,49,5719.206799480129,64.69646215438843
QSO-diversity,21,50,5555,166680,50,1730.146837903609,67.33349323272705
QSO-diversity,21,50,5555,166680,51,2481.1773868530095,65.1853289604187
QSO-clip,21,50,5555,166680,42,2201.338822464965,65.33298349380493
QSO-clip,21,50,5555,166680,43,2048.5919213947573,65.77268385887146
QSO-clip,21,50,5555,166680,44,1806.2390956249583,65.86614441871643
QSO-clip,21,50,5555,166680,45,2198.8138262115167,65.13153457641602
QSO-clip,21,50,5555,166680,46,2204.3082677082043,65.74391746520996
QSO-clip,21,50,5555,166680,47,819.8848275339781,66.16163849830627
QSO-clip,21,50,5555,166680,48,-835.0557607596211,66.13636636734009
QSO-clip,21,50,5555,166680,49,2657.7220505576747,64.26942801475525
QSO-clip,21,50,5555,166680,50,1321.2670517185554,65.55487132072449
QSO-clip,21,50,5555,166680,51,2198.6158493597663,65.98842430114746
DE,21,50,5555,166680,42,2279.354438140309,87.69780015945435
DE,21,50,5555,166680,43,2260.64027132444,87.98217368125916
DE,21,50,5555,166680,44,2234.8183305324865,85.5692081451416
DE,21,50,5555,166680,45,2237.7490213967703,85.9083240032196
DE,21,50,5555,166680,46,2205.0124587200726,85.23570990562439
DE,21,50,5555,166680,47,2098.9239825431714,86.91510558128357
DE,21,50,5555,166680,48,2227.789521962255,88.91332054138184
DE,21,50,5555,166680,49,2281.8400755155453,88.23805904388428
DE,21,50,5555,166680,50,2191.686120280181,88.34999895095825
DE,21,50,5555,166680,51,2255.6543455901274,87.74867081642151
GWO,21,50,5555,166680,42,2286.9860569321218,79.37376713752747
GWO,21,50,5555,166680,43,476.73325671847283,80.02855777740479
GWO,21,50,5555,166680,44,2563.1573009830904,79.84284901618958
GWO,21,50,5555,166680,45,2325.5221755166863,79.23119640350342
GWO,21,50,5555,166680,46,2344.7653349424572,81.09538435935974
GWO,21,50,5555,166680,47,1138.2994525127,81.19419574737549
GWO,21,50,5555,166680,48,2364.06882640019,80.2842116355896
GWO,21,50,5555,166680,49,9081.655579243583,79.50349068641663
GWO,21,50,5555,166680,50,2326.7252185784027,79.86875510215759
GWO,21,50,5555,166680,51,2271.516190430757,80.57079339027405
HHO,21,50,5555,166680,42,-3283.547412687263,134.71104454994202
HHO,21,50,5555,166680,43,-5776.103778822282,131.1461968421936
HHO,21,50,5555,166680,44,-7227.593089101831,128.71682476997375
HHO,21,50,5555,166680,45,-1483.4700435943641,127.89024519920349
HHO,21,50,5555,166680,46,-12102.60353738061,128.57478642463684
HHO,21,50,5555,166680,47,-8442.754663066255,128.247704744339
HHO,21,50,5555,166680,48,-5225.976174468331,129.46810007095337
HHO,21,50,5555,166680,49,-4129.612523733158,131.06596732139587
HHO,21,50,5555,166680,50,-6899.175008720642,126.32634663581848
HHO,21,50,5555,166680,51,-11785.483649328151,126.10308074951172
MPA,21,50,5555,166680,42,5358.296589761108,70.16427087783813
MPA,21,50,5555,166680,43,5710.093181919165,70.7353847026825
MPA,21,50,5555,166680,44,6781.204435804706,70.77070379257202
MPA,21,50,5555,166680,45,10030.223879797297,71.47298240661621
MPA,21,50,5555,166680,46,8831.079960183295,73.03198766708374
MPA,21,50,5555,166680,47,7694.45364250649,71.48541808128357
MPA,21,50,5555,166680,48,7787.052730230473,72.71923470497131
MPA,21,50,5555,166680,49,5408.02841925509,72.41332864761353
MPA,21,50,5555,166680,50,7160.232299410708,73.97194004058838
MPA,21,50,5555,166680,51,4893.172009830434,73.64644694328308
PSO,21,50,5555,166680,42,2642.325010839233,64.3074688911438
PSO,21,50,5555,166680,43,-361.92674335026095,63.81025815010071
PSO,21,50,5555,166680,44,-2261.426765305364,63.9966926574707
PSO,21,50,5555,166680,45,-390.3192761436944,63.950714111328125
PSO,21,50,5555,166680,46,2504.9748337324736,64.44659233093262
PSO,21,50,5555,166680,47,-224.57727436963933,63.98437809944153
PSO,21,50,5555,166680,48,-143.10215161094538,62.08795356750488
PSO,21,50,5555,166680,49,1892.546848407162,62.44090175628662
PSO,21,50,5555,166680,50,-1929.4405099391306,60.34692311286926
PSO,21,50,5555,166680,51,2570.781523275855,61.269742250442505
QSO-time,23,50,5555,166680,42,2501.8541499441303,58.74942231178284
QSO-time,23,50,5555,166680,43,3049.538065218449,58.89662837982178
QSO-time,23,50,5555,166680,44,2501.4513020676004,58.48781681060791
QSO-time,23,50,5555,166680,45,2501.2903892589693,56.97275733947754
QSO-time,23,50,5555,166680,46,2886.6745558153452,56.721471548080444
QSO-time,23,50,5555,166680,47,2501.8440740425613,57.20782423019409
QSO-time,23,50,5555,166680,48,2873.040971801149,58.320486068725586
QSO-time,23,50,5555,166680,49,2501.634850290472,58.229082345962524
QSO-time,23,50,5555,166680,50,2988.637748720116,56.67735147476196
QSO-time,23,50,5555,166680,51,2501.50442409382,56.67071557044983
QSO-stagnation,23,50,5555,166680,42,3402.510879746408,60.95802712440491
QSO-stagnation,23,50,5555,166680,43,3121.8368098580654,59.22180223464966
QSO-stagnation,23,50,5555,166680,44,3589.020031702918,61.284642457962036
QSO-stagnation,23,50,5555,166680,45,3510.1873240391797,61.18543100357056
QSO-stagnation,23,50,5555,166680,46,3153.98113503104,57.50301814079285
QSO-stagnation,23,50,5555,166680,47,3513.363122332942,58.03309178352356
QSO-stagnation,23,50,5555,166680,48,3200.271561806191,60.39177846908569
QSO-stagnation,23,50,5555,166680,49,3375.1989555262626,62.76561951637268
QSO-stagnation,23,50,5555,166680,50,3196.8311533289207,61.45110058784485
QSO-stagnation,23,50,5555,166680,51,3520.202800101941,62.88964295387268
QSO-diversity,23,50,5555,166680,42,70890.00005224766,61.947632789611816
QSO-diversity,23,50,5555,166680,43,26212.514686780887,63.23059296607971
QSO-diversity,23,50,5555,166680,44,37439.006740829136,60.34425354003906
QSO-diversity,23,50,5555,166680,45,62423.821868694045,60.34321665763855
QSO-diversity,23,50,5555,166680,46,50440.795443205185,58.99583148956299
QSO-diversity,23,50,5555,166680,47,7857.898674159117,57.31819796562195
QSO-diversity,23,50,5555,166680,48,51985.326739135075,56.88313341140747
QSO-diversity,23,50,5555,166680,49,59802.56856507919,60.1465003490448
QSO-diversity,23,50,5555,166680,50,66804.1280858996,58.579047441482544
QSO-diversity,23,50,5555,166680,51,37370.08047579063,56.462642431259155
QSO-clip,23,50,5555,166680,42,2501.3738525758663,58.609620809555054
QSO-clip,23,50,5555,166680,43,2501.990151659601,59.007370948791504
QSO-clip,23,50,5555,166680,44,2502.1300462528584,57.280962228775024
QSO-clip,23,50,5555,166680,45,2501.598519610626,57.218852281570435
QSO-clip,23,50,5555,166680,46,2501.26184620604,59.067243337631226
QSO-clip,23,50,5555,166680,47,2501.4641533016834,55.101301431655884
QSO-clip,23,50,5555,166680,48,3047.1454905208934,56.59958529472351
QSO-clip,23,50,5555,166680,49,2501.895645288235,56.12576174736023
QSO-clip,23,50,5555,166680,50,3012.593184842231,56.74518394470215
QSO-clip,23,50,5555,166680,51,2501.8970217379406,58.21459650993347
DE,23,50,5555,166680,42,2509.917754555925,80.6790862083435
DE,23,50,5555,166680,43,2875.8625823625825,81.32512998580933
DE,23,50,5555,166680,44,2713.945356144752,80.45076751708984
DE,23,50,5555,166680,45,6192.228082188458,81.0403802394867
DE,23,50,5555,166680,46,2500.788916515046,77.8236517906189
DE,23,50,5555,166680,47,2830.640342864406,79.2165277004242
DE,23,50,5555,166680,48,2983.5527597866376,80.92104196548462
DE,23,50,5555,166680,49,2881.138058354378,79.04481196403503
DE,23,50,5555,166680,50,2500.285264504062,83.44154858589172
DE,23,50,5555,166680,51,3491.309959680208,80.68567943572998
GWO,23,50,5555,166680,42,17824.298431286254,73.05758500099182
GWO,23,50,5555,166680,43,9458.43033339729,72.9379494190216
GWO,23,50,5555,166680,44,17295.166160451594,70.87498617172241
GWO,23,50,5555,166680,45,16171.989525689285,71.73170852661133
GWO,23,50,5555,166680,46,24817.256905577193,70.61349129676819
GWO,23,50,5555,166680,47,10795.152014278217,70.24398922920227
GWO,23,50,5555,166680,48,13389.09104603653,73.54320359230042
GWO,23,50,5555,166680,49,9505.01170847,73.52741599082947
GWO,23,50,5555,166680,50,12132.614092637996,75.48315787315369
GWO,23,50,5555,166680,51,15506.553517260338,75.38906741142273
HHO,23,50,5555,166680,42,3127.5960259759117,114.53517413139343
HHO,23,50,5555,166680,43,3039.1671962612013,115.43783140182495
HHO,23,50,5555,166680,44,3192.6761282203347,113.41532230377197
HHO,23,50,5555,166680,45,3511.0022538600033,114.41624450683594
HHO,23,50,5555,166680,46,3150.734178982644,116.95666885375977
HHO,23,50,5555,166680,47,3138.2964869661246,116.77112627029419
HHO,23,50,5555,166680,48,3557.016086095815,114.32373785972595
HHO,23,50,5555,166680,49,3087.309707703713,116.3974506855011
HHO,23,50,5555,166680,50,3076.7933739329214,118.67274785041809
HHO,23,50,5555,166680,51,3139.3769307970615,119.11003756523132
MPA,23,50,5555,166680,42,59745.80812401243,63.07609748840332
MPA,23,50,5555,166680,43,59851.68212724412,63.37992525100708
MPA,23,50,5555,166680,44,57447.420979674906,61.88260245323181
MPA,23,50,5555,166680,45,49465.956485859664,62.48376226425171
MPA,23,50,5555,166680,46,59390.88726540282,61.23783254623413
MPA,23,50,5555,166680,47,58820.5252405192,62.38768482208252
MPA,23,50,5555,166680,48,56975.643337690184,62.88779973983765
MPA,23,50,5555,166680,49,60477.15852304244,61.893431663513184
MPA,23,50,5555,166680,50,59559.61045552691,62.77396607398987
MPA,23,50,5555,166680,51,58729.53118642679,62.60338068008423
PSO,23,50,5555,166680,42,5679.803036853856,54.67341470718384
PSO,23,50,5555,166680,43,15673.269758181646,55.27176332473755
PSO,23,50,5555,166680,44,7365.175798449709,53.781221866607666
PSO,23,50,5555,166680,45,6557.696715672659,53.50670409202576
PSO,23,50,5555,166680,46,4178.006554073989,53.40261149406433
PSO,23,50,5555,166680,47,14604.332548646524,55.32123255729675
PSO,23,50,5555,166680,48,5966.465625994104,55.17079710960388
PSO,23,50,5555,166680,49,12139.228590226083,53.73573637008667
PSO,23,50,5555,166680,50,17931.477644535276,52.82307958602905
PSO,23,50,5555,166680,51,10774.596351921839,54.386918783187866
QSO-time,25,50,5555,166680,42,3832.130619549672,378.0717318058014
QSO-time,25,50,5555,166680,43,4245.433588578291,374.92713928222656
QSO-time,25,50,5555,166680,44,4081.1004698087136,373.49764752388
QSO-time,25,50,5555,166680,45,3799.017763484936,373.83504366874695
QSO-time,25,50,5555,166680,46,3852.381705415399,378.40919733047485
QSO-time,25,50,5555,166680,47,3920.060316206332,378.5049796104431
QSO-time,25,50,5555,166680,48,4081.399267164588,375.36399006843567
QSO-time,25,50,5555,166680,49,4080.0415496765117,371.98508405685425
QSO-time,25,50,5555,166680,50,3926.1449148338224,377.8025863170624
QSO-time,25,50,5555,166680,51,4001.5618094852794,376.2879812717438
QSO-stagnation,25,50,5555,166680,42,3771.412386561675,376.28512358665466
QSO-stagnation,25,50,5555,166680,43,3910.6973362108115,376.61196208000183
QSO-stagnation,25,50,5555,166680,44,4147.219198972007,379.00617027282715
QSO-stagnation,25,50,5555,166680,45,3785.1340687749416,378.36220932006836
QSO-stagnation,25,50,5555,166680,46,3765.3485649710565,373.9707682132721
QSO-stagnation,25,50,5555,166680,47,3795.607723561919,375.53966069221497
QSO-stagnation,25,50,5555,166680,48,3832.8790677364377,378.0213930606842
QSO-stagnation,25,50,5555,166680,49,3817.6167670232035,378.0749280452728
QSO-stagnation,25,50,5555,166680,50,3750.5589711476077,383.5707914829254
QSO-stagnation,25,50,5555,166680,51,4086.8112867405703,383.98523116111755
QSO-diversity,25,50,5555,166680,42,7761.96067248629,374.67541790008545
QSO-diversity,25,50,5555,166680,43,22559.098315590498,374.3273708820343
QSO-diversity,25,50,5555,166680,44,13632.045417401645,377.8875832557678
QSO-diversity,25,50,5555,166680,45,18683.67643487239,378.8288893699646
QSO-diversity,25,50,5555,166680,46,5076.30665307711,377.0759496688843
QSO-diversity,25,50,5555,166680,47,48099.89924317158,377.0582129955292
QSO-diversity,25,50,5555,166680,48,11095.754881779021,383.2522325515747
QSO-diversity,25,50,5555,166680,49,4789.348444923999,385.20436835289
QSO-diversity,25,50,5555,166680,50,48868.187810994816,380.5161747932434
QSO-diversity,25,50,5555,166680,51,4656.687312684347,378.3941991329193
QSO-clip,25,50,5555,166680,42,3769.6112676712787,396.9795322418213
QSO-clip,25,50,5555,166680,43,3898.8926479095126,397.51003670692444
QSO-clip,25,50,5555,166680,44,3786.926436166376,378.8544409275055
QSO-clip,25,50,5555,166680,45,3724.3918213273773,377.8511641025543
QSO-clip,25,50,5555,166680,46,3675.698594460784,386.39290952682495
QSO-clip,25,50,5555,166680,47,3829.5507685188786,388.77618432044983
QSO-clip,25,50,5555,166680,48,3870.70834545295,393.12104415893555
QSO-clip,25,50,5555,166680,49,3816.2645846444957,392.3375611305237
QSO-clip,25,50,5555,166680,50,3715.967599901014,384.7237319946289
QSO-clip,25,50,5555,166680,51,4072.942655163547,382.76345658302307
DE,25,50,5555,166680,42,4122.627553087675,407.4411895275116
DE,25,50,5555,166680,43,4062.2742803516785,406.24738073349
DE,25,50,5555,166680,44,4123.023188966227,424.09205627441406
DE,25,50,5555,166680,45,4130.5072349342,425.71202397346497
DE,25,50,5555,166680,46,4124.669728704337,422.75841760635376
DE,25,50,5555,166680,47,4149.2531196706295,421.7054569721222
DE,25,50,5555,166680,48,4122.940669854253,412.9265344142914
DE,25,50,5555,166680,49,3939.8017375678232,412.4582009315491
DE,25,50,5555,166680,50,4177.234221007026,414.9240777492523
DE,25,50,5555,166680,51,3766.3441527961777,416.1407718658447
GWO,25,50,5555,166680,42,4298.83539004659,398.08810925483704
GWO,25,50,5555,166680,43,4311.117245220585,396.3077039718628
GWO,25,50,5555,166680,44,5127.41211116197,394.38321900367737
GWO,25,50,5555,166680,45,4591.702660386479,394.4363441467285
GWO,25,50,5555,166680,46,4685.752233258716,403.2694625854492
GWO,25,50,5555,166680,47,4606.389191968256,401.2254250049591
GWO,25,50,5555,166680,48,5422.52936640489,399.53102350234985
GWO,25,50,5555,166680,49,4433.539415713911,396.63048553466797
GWO,25,50,5555,166680,50,4505.929568515891,395.0044651031494
GWO,25,50,5555,166680,51,4462.394266861444,396.3371772766113
HHO,25,50,5555,166680,42,4237.192938963654,714.3703577518463
HHO,25,50,5555,166680,43,3897.408735067612,717.2619323730469
HHO,25,50,5555,166680,44,4216.5633773003165,713.0683529376984
HHO,25,50,5555,166680,45,4318.178989672376,715.277508020401
HHO,25,50,5555,166680,46,4154.3822929844755,718.6103727817535
HHO,25,50,5555,166680,47,4245.762345089635,724.706759929657
HHO,25,50,5555,166680,48,3804.881595096079,707.2863698005676
HHO,25,50,5555,166680,49,4329.713717856301,716.5994980335236
HHO,25,50,5555,166680,50,4224.643645773299,728.715311050415
HHO,25,50,5555,166680,51,4272.684326898703,729.6504030227661
MPA,25,50,5555,166680,42,8353.199106458454,397.2461142539978
MPA,25,50,5555,166680,43,10323.129551504266,394.66247296333313
MPA,25,50,5555,166680,44,8567.212867812985,398.57506227493286
MPA,25,50,5555,166680,45,7145.981135925397,401.04327607154846
MPA,25,50,5555,166680,46,7124.5050722481155,390.16448426246643
MPA,25,50,5555,166680,47,11852.86994923631,389.1027617454529
MPA,25,50,5555,166680,48,7278.049687329581,386.30668210983276
MPA,25,50,5555,166680,49,5151.74114821229,387.0373492240906
MPA,25,50,5555,166680,50,6943.121735453293,390.84266352653503
MPA,25,50,5555,166680,51,13871.262729415277,392.2225594520569
PSO,25,50,5555,166680,42,4927.8111320805965,396.8193657398224
PSO,25,50,5555,166680,43,5115.550485955504,394.0899019241333
PSO,25,50,5555,166680,44,4322.650428127899,393.28116822242737
PSO,25,50,5555,166680,45,4543.901809267504,390.61329555511475
PSO,25,50,5555,166680,46,5550.18907302361,391.3659384250641
PSO,25,50,5555,166680,47,5487.210362830707,389.9709668159485
PSO,25,50,5555,166680,48,4857.144355911323,390.7562892436981
PSO,25,50,5555,166680,49,4548.462922564337,393.2312910556793
PSO,25,50,5555,166680,50,4636.739293403121,388.00067806243896
PSO,25,50,5555,166680,51,4887.9481832671545,386.0095112323761
QSO-time,1,30,10000,300030,42,197.14006205701017,13.829779386520386
QSO-time,1,30,10000,300030,43,5822.349973384173,13.477139234542847
QSO-time,1,30,10000,300030,44,6563.019039427528,13.047028541564941
QSO-time,1,30,10000,300030,45,2573.1163728309048,13.25758981704712
QSO-time,1,30,10000,300030,46,810.8520430038748,13.194262742996216
QSO-time,1,30,10000,300030,47,4338.908403893841,12.10195779800415
QSO-time,1,30,10000,300030,48,1163.7857909310112,13.359747171401978
QSO-time,1,30,10000,300030,49,934.3352544473667,12.037513256072998
QSO-time,1,30,10000,300030,50,1403.0676612179323,12.966019630432129
QSO-time,1,30,10000,300030,51,1231.8979644004585,13.223821640014648
QSO-stagnation,1,30,10000,300030,42,6348.027306536394,12.285546779632568
QSO-stagnation,1,30,10000,300030,43,1448.3750555453203,13.432917833328247
QSO-stagnation,1,30,10000,300030,44,2744.2937465399527,12.844106912612915
QSO-stagnation,1,30,10000,300030,45,2381.6391323741195,13.583364725112915
QSO-stagnation,1,30,10000,300030,46,5134.728633162665,13.786267042160034
QSO-stagnation,1,30,10000,300030,47,2859.2680961898523,12.594873428344727
QSO-stagnation,1,30,10000,300030,48,773.8944669118922,13.534773111343384
QSO-stagnation,1,30,10000,300030,49,636.2370576428272,12.027267694473267
QSO-stagnation,1,30,10000,300030,50,1363.654710391479,13.572738647460938
QSO-stagnation,1,30,10000,300030,51,2747.0044846952273,13.694276571273804
QSO-diversity,1,30,10000,300030,42,617658.070406771,13.271278858184814
QSO-diversity,1,30,10000,300030,43,48131264390.81722,13.484206914901733
QSO-diversity,1,30,10000,300030,44,34840357466.99426,11.789260387420654
QSO-diversity,1,30,10000,300030,45,23632278182.693638,13.652737617492676
QSO-diversity,1,30,10000,300030,46,46749785692.52818,12.98970341682434
QSO-diversity,1,30,10000,300030,47,23872393032.433716,13.357441186904907
QSO-diversity,1,30,10000,300030,48,10984450113.827564,13.503094911575317
QSO-diversity,1,30,10000,300030,49,27661143018.528046,12.14882755279541
QSO-diversity,1,30,10000,300030,50,31079445728.84556,13.313631296157837
QSO-diversity,1,30,10000,300030,51,25629825.803753417,12.624218463897705
QSO-clip,1,30,10000,300030,42,2630.4904770574126,10.886206150054932
QSO-clip,1,30,10000,300030,43,1845.8674096349696,12.242584943771362
QSO-clip,1,30,10000,300030,44,1703.2368362871173,11.05728268623352
QSO-clip,1,30,10000,300030,45,4840.282426647113,12.45115041732788
QSO-clip,1,30,10000,300030,46,315.7118416527701,11.90639591217041
QSO-clip,1,30,10000,300030,47,3562.156422473024,10.183939933776855
QSO-clip,1,30,10000,300030,48,7996.456571104127,11.764991760253906
QSO-clip,1,30,10000,300030,49,564.3521112091842,12.118607759475708
QSO-clip,1,30,10000,300030,50,373.8218593598274,10.477349758148193
QSO-clip,1,30,10000,300030,51,3926.8425417381095,12.155715465545654
DE,1,30,10000,300030,42,556251.2591303864,44.76559901237488
DE,1,30,10000,300030,43,6223.5209894410855,44.164976596832275
DE,1,30,10000,300030,44,659332738.9384174,44.20199990272522
DE,1,30,10000,300030,45,20929.086655797826,42.52563834190369
DE,1,30,10000,300030,46,13916.91979540974,42.634236097335815
DE,1,30,10000,300030,47,66217717.844070286,43.32522416114807
DE,1,30,10000,300030,48,6141.550133631537,42.96040892601013
DE,1,30,10000,300030,49,122.0076366901743,38.47934627532959
DE,1,30,10000,300030,50,190371242.1655712,43.03394150733948
DE,1,30,10000,300030,51,19246341.466578763,42.908849477767944
GWO,1,30,10000,300030,42,1254129973.9046984,36.78171920776367
GWO,1,30,10000,300030,43,2428758350.6832066,36.41332030296326
GWO,1,30,10000,300030,44,2111493053.1387765,37.697760820388794
GWO,1,30,10000,300030,45,229778989.18489575,37.74744510650635
GWO,1,30,10000,300030,46,511643632.8707164,37.6595892906189
GWO,1,30,10000,300030,47,1935691462.3952417,37.306376218795776
GWO,1,30,10000,300030,48,1347199073.654836,36.67080783843994
GWO,1,30,10000,300030,49,365845228.6595229,36.644495248794556
GWO,1,30,10000,300030,50,1370239736.7362218,36.51519155502319
GWO,1,30,10000,300030,51,1410769651.7394502,37.50486707687378
HHO,1,30,10000,300030,42,2190182.6081573707,40.10447311401367
HHO,1,30,10000,300030,43,1652321.3903324415,39.743887186050415
HHO,1,30,10000,300030,44,3004350.0097377403,37.63075041770935
HHO,1,30,10000,300030,45,2044060.9247895314,37.80614256858826
HHO,1,30,10000,300030,46,2226328.2156149605,38.31261873245239
HHO,1,30,10000,300030,47,2308186.4648280973,38.07131767272949
HHO,1,30,10000,300030,48,1581015.706036907,39.068286180496216
HHO,1,30,10000,300030,49,3367455.0448099263,38.5735137462616
HHO,1,30,10000,300030,50,2607061.5218273667,37.21704626083374
HHO,1,30,10000,300030,51,2541536.769416241,37.44199585914612
MPA,1,30,10000,300030,42,36256859194.416084,21.460835456848145
MPA,1,30,10000,300030,43,29246720944.065594,22.211735725402832
MPA,1,30,10000,300030,44,41029099600.99028,23.556028366088867
MPA,1,30,10000,300030,45,36624052641.03756,22.57378602027893
MPA,1,30,10000,300030,46,32945902591.024864,21.253838539123535
MPA,1,30,10000,300030,47,30088237220.688286,21.59317636489868
MPA,1,30,10000,300030,48,30239782213.107533,21.54561161994934
MPA,1,30,10000,300030,49,34217763130.968422,21.82960820198059
MPA,1,30,10000,300030,50,32839895859.91625,22.722530841827393
MPA,1,30,10000,300030,51,30936527834.155746,21.88972496986389
PSO,1,30,10000,300030,42,1026807828.7604496,8.192171573638916
PSO,1,30,10000,300030,43,6798.751883162128,8.579558610916138
PSO,1,30,10000,300030,44,1184058647.4659996,10.063727855682373
PSO,1,30,10000,300030,45,20941.76710091616,9.955064058303833
PSO,1,30,10000,300030,46,20941.767100916164,8.796413660049438
PSO,1,30,10000,300030,47,2234612598.27985,9.402719497680664
PSO,1,30,10000,300030,48,757.9900206557833,9.302739143371582
PSO,1,30,10000,300030,49,3658.8544442763564,9.024727582931519
PSO,1,30,10000,300030,50,1026798748.4071137,10.149632215499878
PSO,1,30,10000,300030,51,1836278443.0277336,10.187435865402222
QSO-time,3,30,10000,300030,42,381.1290429461909,20.62930727005005
QSO-time,3,30,10000,300030,43,380.86807202182285,20.52569818496704
QSO-time,3,30,10000,300030,44,382.1212816147078,20.432204484939575
QSO-time,3,30,10000,300030,45,315.48742821398525,19.576611042022705
QSO-time,3,30,10000,300030,46,378.1220729399606,21.656800508499146
QSO-time,3,30,10000,300030,47,300.15798903674107,20.827144861221313
QSO-time,3,30,10000,300030,48,315.0974140812289,21.515218257904053
QSO-time,3,30,10000,300030,49,384.08057541738583,21.10126757621765
QSO-time,3,30,10000,300030,50,365.65702600711694,20.222018718719482
QSO-time,3,30,10000,300030,51,315.04227424660803,20.496437788009644
QSO-stagnation,3,30,10000,300030,42,382.88028430174387,20.79629349708557
QSO-stagnation,3,30,10000,300030,43,381.6637064019865,20.50608515739441
QSO-stagnation,3,30,10000,300030,44,388.82643107988235,23.093446731567383
QSO-stagnation,3,30,10000,300030,45,313.5416797415764,23.435081958770752
QSO-stagnation,3,30,10000,300030,46,333.9440735558479,20.657862663269043
QSO-stagnation,3,30,10000,300030,47,300.121551802634,20.40855050086975
QSO-stagnation,3,30,10000,300030,48,381.2289976207103,20.526758670806885
QSO-stagnation,3,30,10000,300030,49,382.73803199866865,20.93066716194153
QSO-stagnation,3,30,10000,300030,50,334.2655602193722,23.013473749160767
QSO-stagnation,3,30,10000,300030,51,332.7514565071918,23.02302575111389
QSO-diversity,3,30,10000,300030,42,12339.31160500184,21.79369068145752
QSO-diversity,3,30,10000,300030,43,5678.189641619887,21.099931478500366
QSO-diversity,3,30,10000,300030,44,481.42151791970696,20.83706021308899
QSO-diversity,3,30,10000,300030,45,823.9291243512777,20.925699949264526
QSO-diversity,3,30,10000,300030,46,7541.487183728277,22.20063877105713
QSO-diversity,3,30,10000,300030,47,810.5582909102582,22.29974365234375
QSO-diversity,3,30,10000,300030,48,7004.978456779904,21.324902534484863
QSO-diversity,3,30,10000,300030,49,798.394615668811,22.033247232437134
QSO-diversity,3,30,10000,300030,50,7307.206399097959,20.53720259666443
QSO-diversity,3,30,10000,300030,51,1615.7983398065885,20.822827577590942
QSO-clip,3,30,10000,300030,42,313.28306766378563,19.685811281204224
QSO-clip,3,30,10000,300030,43,380.15207716120716,19.988998651504517
QSO-clip,3,30,10000,300030,44,313.2579324944051,20.618862867355347
QSO-clip,3,30,10000,300030,45,313.50455604557254,21.832518100738525
QSO-clip,3,30,10000,300030,46,334.0672583989559,19.885009050369263
QSO-clip,3,30,10000,300030,47,352.55114151865064,19.288881301879883
QSO-clip,3,30,10000,300030,48,365.81358769271026,19.210132360458374
QSO-clip,3,30,10000,300030,49,331.82476098042594,19.431212186813354
QSO-clip,3,30,10000,300030,50,331.8381260283567,19.485490798950195
QSO-clip,3,30,10000,300030,51,331.83023801940436,19.68884778022766
DE,3,30,10000,300030,42,393.45702718527485,51.93866562843323
DE,3,30,10000,300030,43,332.0520268810101,53.403451919555664
DE,3,30,10000,300030,44,331.8120570689069,52.591214179992676
DE,3,30,10000,300030,45,338.91017597615553,52.29048490524292
DE,3,30,10000,300030,46,372.3883169636201,50.49815225601196
DE,3,30,10000,300030,47,300.6005499072155,50.3580322265625
DE,3,30,10000,300030,48,313.16010773033446,50.6710991859436
DE,3,30,10000,300030,49,591.6429685299378,49.784836769104004
DE,3,30,10000,300030,50,332.815443398168,51.096421241760254
DE,3,30,10000,300030,51,332.890365040208,51.16374397277832
GWO,3,30,10000,300030,42,610.9844462865976,46.89336085319519
GWO,3,30,10000,300030,43,458.3397190922586,47.05526614189148
GWO,3,30,10000,300030,44,420.55771685758947,47.67107129096985
GWO,3,30,10000,300030,45,502.0603136046173,46.491243839263916
GWO,3,30,10000,300030,46,524.480254528894,47.39649939537048
GWO,3,30,10000,300030,47,408.24289838020223,47.62155270576477
GWO,3,30,10000,300030,48,536.856981463449,45.3444721698761
GWO,3,30,10000,300030,49,477.0577152265529,46.684457540512085
GWO,3,30,10000,300030,50,489.23190049843083,46.54498267173767
GWO,3,30,10000,300030,51,427.7352545728106,45.803874492645264
HHO,3,30,10000,300030,42,377.168452266445,54.571017026901245
HHO,3,30,10000,300030,43,383.5584515673744,54.741095304489136
HHO,3,30,10000,300030,44,393.01797032171726,53.38727283477783
HHO,3,30,10000,300030,45,332.2728300059494,52.52435278892517
HHO,3,30,10000,300030,46,383.809561576182,53.239009618759155
HHO,3,30,10000,300030,47,316.853101617714,53.18112397193909
HHO,3,30,10000,300030,48,314.9202882970148,52.814852237701416
HHO,3,30,10000,300030,49,333.49400308438805,53.35731244087219
HHO,3,30,10000,300030,50,332.6977656126703,54.50255346298218
HHO,3,30,10000,300030,51,373.40830841397207,54.182387590408325
MPA,3,30,10000,300030,42,6962.732631429491,29.639655590057373
MPA,3,30,10000,300030,43,6504.976062979495,30.061295986175537
MPA,3,30,10000,300030,44,6033.269029081219,30.43143129348755
MPA,3,30,10000,300030,45,8251.690494365732,30.304399728775024
MPA,3,30,10000,300030,46,4781.608670478464,31.068720817565918
MPA,3,30,10000,300030,47,5532.524189848982,31.05908465385437
MPA,3,30,10000,300030,48,3939.9380816748103,31.13481092453003
MPA,3,30,10000,300030,49,5043.197276700639,30.933637380599976
MPA,3,30,10000,300030,50,6509.597582654919,30.733713150024414
MPA,3,30,10000,300030,51,4920.074452483328,30.99049663543701
PSO,3,30,10000,300030,42,436.7998226333975,17.43932294845581
PSO,3,30,10000,300030,43,336.42609869327606,17.21658754348755
PSO,3,30,10000,300030,44,343.3444091194451,17.094618320465088
PSO,3,30,10000,300030,45,332.98060299175893,17.225680112838745
PSO,3,30,10000,300030,46,360.44877659964055,16.82223415374756
PSO,3,30,10000,300030,47,356.7169021045771,17.48426342010498
PSO,3,30,10000,300030,48,330.8341057493743,17.194849729537964
PSO,3,30,10000,300030,49,418.70800478718206,17.470138788223267
PSO,3,30,10000,300030,50,468.74835800392964,17.50342035293579
PSO,3,30,10000,300030,51,393.382815032464,17.359808921813965
QSO-time,4,30,10000,300030,42,570.8439348427997,17.800227165222168
QSO-time,4,30,10000,300030,43,562.3609238835334,18.19525671005249
QSO-time,4,30,10000,300030,44,505.3051439405481,17.902580976486206
QSO-time,4,30,10000,300030,45,531.5884321908798,18.382158041000366
QSO-time,4,30,10000,300030,46,514.542439758721,19.505879402160645
QSO-time,4,30,10000,300030,47,644.1185168434426,18.3891499042511
QSO-time,4,30,10000,300030,48,610.4092500250686,18.253474235534668
QSO-time,4,30,10000,300030,49,532.684232596376,18.269395112991333
QSO-time,4,30,10000,300030,50,515.9862523807378,17.522576570510864
QSO-time,4,30,10000,300030,51,541.715038994062,17.666268587112427
QSO-stagnation,4,30,10000,300030,42,745.2283992704639,18.33731198310852
QSO-stagnation,4,30,10000,300030,43,663.8246352699666,18.090137481689453
QSO-stagnation,4,30,10000,300030,44,696.8937066878184,18.549668788909912
QSO-stagnation,4,30,10000,300030,45,570.9279669207949,18.538503170013428
QSO-stagnation,4,30,10000,300030,46,643.2062610431216,18.23003578186035
QSO-stagnation,4,30,10000,300030,47,670.2070256549882,17.7397940158844
QSO-stagnation,4,30,10000,300030,48,649.9424618410922,18.38630437850952
QSO-stagnation,4,30,10000,300030,49,590.6066968991735,17.83908176422119
QSO-stagnation,4,30,10000,300030,50,638.2671901838794,18.258368492126465
QSO-stagnation,4,30,10000,300030,51,728.9206524761832,18.134913206100464
QSO-diversity,4,30,10000,300030,42,10196.524960528921,18.737611770629883
QSO-diversity,4,30,10000,300030,43,71306.09530939482,18.307379484176636
QSO-diversity,4,30,10000,300030,44,41060.53857043064,17.883274793624878
QSO-diversity,4,30,10000,300030,45,13878.264222262454,17.998270750045776
QSO-diversity,4,30,10000,300030,46,20666.19387656342,18.823243856430054
QSO-diversity,4,30,10000,300030,47,40412.3318539625,18.311375379562378
QSO-diversity,4,30,10000,300030,48,14142.384965954778,17.49442195892334
QSO-diversity,4,30,10000,300030,49,45422.8184901727,17.52470827102661
QSO-diversity,4,30,10000,300030,50,13238.956187310987,17.780911684036255
QSO-diversity,4,30,10000,300030,51,17382.036747355363,17.97891092300415
QSO-clip,4,30,10000,300030,42,510.64425245877544,17.72906184196472
QSO-clip,4,30,10000,300030,43,537.3546193664839,17.76136565208435
QSO-clip,4,30,10000,300030,44,579.7781501959757,17.335218906402588
QSO-clip,4,30,10000,300030,45,589.1882155677421,16.746156692504883
QSO-clip,4,30,10000,300030,46,530.51076604218,17.048421382904053
QSO-clip,4,30,10000,300030,47,538.762835227465,16.8427836894989
QSO-clip,4,30,10000,300030,48,502.77273291555593,16.908002138137817
QSO-clip,4,30,10000,300030,49,526.4536878474486,16.869941473007202
QSO-clip,4,30,10000,300030,50,549.8022674370601,16.99748134613037
QSO-clip,4,30,10000,300030,51,499.15974209194445,16.579982042312622
DE,4,30,10000,300030,42,465.66697368234657,46.979865074157715
DE,4,30,10000,300030,43,430.85838907352354,47.30509376525879
DE,4,30,10000,300030,44,461.68752470412795,47.168508768081665
DE,4,30,10000,300030,45,529.3438351231156,47.56563401222229
DE,4,30,10000,300030,46,450.74279678795926,47.09483289718628
DE,4,30,10000,300030,47,444.7736053294431,46.910335302352905
DE,4,30,10000,300030,48,449.7478873175785,46.446857213974
DE,4,30,10000,300030,49,452.1195720469947,47.22605633735657
DE,4,30,10000,300030,50,449.7484491762665,46.580888748168945
DE,4,30,10000,300030,51,494.5208342262621,46.15747666358948
GWO,4,30,10000,300030,42,976.4335318529248,43.24971055984497
GWO,4,30,10000,300030,43,1382.0407837709085,42.693729877471924
GWO,4,30,10000,300030,44,2216.310173757214,43.452669858932495
GWO,4,30,10000,300030,45,4020.3575828977164,43.28179669380188
GWO,4,30,10000,300030,46,3138.9352046631043,40.40444731712341
GWO,4,30,10000,300030,47,4384.218286774026,40.97875380516052
GWO,4,30,10000,300030,48,1807.9300841687323,42.52871632575989
GWO,4,30,10000,300030,49,2195.9707654655954,42.70472049713135
GWO,4,30,10000,300030,50,3121.6223330528996,43.535686016082764
GWO,4,30,10000,300030,51,1722.5106692227778,42.686238050460815
